Time,Fz,Mz
0.00891762,-0.108448,-0.0370029
0.0188753,-0.0930157,0.0607407
0.0288895,-0.0621507,0.0195855
0.0389672,-0.0467182,0.0864627
0.0488318,0.00986767,0.0555963
0.0590094,-0.123881,0.0144411
0.0687319,-0.185611,-0.0421473
0.0788602,-0.0672949,0.168773
0.0888739,-0.0930157,0.10704
0.0989586,-0.144457,-0.0472917
0.108857,-0.242197,-0.0112809
0.118879,-0.0570065,0.122474
0.128913,-0.0570065,0.117329
0.13898,-0.0672949,0.0864627
0.148878,-0.041574,0.0350187
0.158925,-0.149602,-0.0164253
0.168865,-0.211332,-0.0215697
0.178834,-0.0312857,0.0813183
0.188988,-0.0981599,0.0916071
0.198873,-0.139313,-0.0370029
0.20893,-0.185611,-0.0678693
0.218796,-0.0518624,0.112185
0.228931,-0.041574,0.0453075
0.23894,-0.0364299,0.10704
0.249004,-0.00556484,0.0607407
0.259071,-0.154746,-0.0215697
0.268854,-0.113592,-0.139891
0.279028,-0.0672949,0.148196
0.289069,-0.0930157,0.0195855
0.299052,-0.139313,0.132762
0.308996,-0.22162,-0.0884469
0.319099,-0.206187,0.0350187
0.328993,-0.0570065,-0.000992107
0.339041,-0.0878716,0.10704
0.348899,-0.195899,0.0710295
0.359073,-0.0518624,0.122474
0.368914,-0.0878716,0.0864627
0.379035,-0.113592,-0.0318585
0.388856,-0.0930157,0.0195855
0.398835,-0.072439,0.0864627
0.408984,-0.0312857,-0.0112809
0.418928,-0.0878716,0.168773
0.428793,-0.0930157,0.10704
0.439,-0.165034,-0.000992107
0.448889,-0.0878716,0.0607407
0.459075,-0.170178,-0.0524361
0.469084,-0.175322,-0.10388
0.47885,-0.0467182,0.15334
0.488987,-0.113592,0.0504519
0.498903,-0.0930157,0.0195855
0.508984,-0.154746,-0.0164253
0.518822,-0.0209973,0.112185
0.528957,-0.0312857,0.0350187
0.539,-0.195899,0.0555963
0.548928,-0.226764,0.0092967
0.559054,-0.072439,0.0247299
0.569134,-0.123881,-0.0678693
0.57918,-0.0930157,0.122474
0.589035,-0.139313,0.0092967
0.599062,-0.0364299,0.101896
0.608994,-0.0518624,0.0864627
0.619012,-0.0570065,0.0813183
0.629002,-0.0672949,0.0916071
0.639083,-0.175322,0.0658851
0.649063,-0.0981599,0.10704
0.659082,-0.190755,-0.0267141
0.668995,-0.154746,-0.0215697
0.678933,-0.154746,-0.00613651
0.688937,-0.22162,-0.0267141
0.699139,-0.0467182,0.0967515
0.708932,-0.134169,0.0041523
0.718996,-0.0570065,0.117329
0.728789,-0.0467182,0.0401631
0.739376,-0.149602,0.0401631
0.749541,-0.0981599,0.0144411
0.759384,-0.144457,0.0247299
0.769402,-0.180467,0.0504519
0.779316,-0.0364299,0.0555963
0.789195,-0.118737,-0.0627249
0.799353,-0.0930157,0.168773
0.809353,-0.0775832,0.122474
0.81943,-0.170178,-0.0267141
0.829312,-0.129025,-0.0370029
0.839286,-0.123881,0.117329
0.84908,-0.129025,0.0401631
0.859041,0.0047235,0.0916071
0.868887,-0.010709,0.0298743
0.878993,-0.134169,0.0967515
0.88893,-0.0981599,0.117329
0.898867,-0.00556484,0.0607407
0.908776,-0.041574,-0.00613651
0.918895,-0.170178,0.0247299
0.929094,-0.129025,-0.0164253
0.939067,-0.0672949,0.127618
0.949109,-0.103304,0.0967515
0.958863,-0.154746,-0.0472917
0.969007,-0.144457,-0.0781581
0.979421,-0.0775832,0.101896
0.989063,-0.0878716,0.0247299
0.998987,-0.0827274,0.0916071
1.00894,-0.149602,0.0658851
1.01915,-0.0878716,0.0298743
1.02938,-0.010709,0.0195855
1.03914,-0.144457,0.0092967
1.0492,-0.041574,-0.0472917
1.05934,-0.211332,0.0658851
1.06938,-0.190755,-0.0678693
1.07925,-0.0672949,0.10704
1.08937,-0.103304,0.0967515
1.09934,-0.144457,-0.0318585
1.1092,-0.22162,-0.0627249
1.11937,-0.0621507,0.117329
1.12937,-0.0364299,0.0195855
1.13923,-0.0570065,0.117329
1.14916,-0.0158532,0.0504519
1.15907,-0.144457,0.0350187
1.16906,-0.0930157,0.0144411
1.1788,-0.0981599,0.184206
1.18893,-0.0878716,0.0350187
1.19912,-0.0518624,0.132762
1.2089,-0.134169,0.101896
1.21899,0.0253002,0.0967515
1.22914,-0.15989,0.0710295
1.23897,-0.041574,0.0401631
1.24885,-0.103304,0.0967515
1.25902,-0.0981599,-0.0421473
1.26905,-0.195899,-0.0472917
1.27929,-0.072439,0.0247299
1.28906,-0.149602,-0.00613651
1.29909,-0.154746,-0.0472917
1.30901,-0.154746,-0.0215697
1.31895,-0.000420669,0.0916071
1.329,-0.185611,-0.00613651
1.33892,0.0253002,0.112185
1.34881,-0.185611,0.0453075
1.35882,-0.010709,0.0761739
1.36892,-0.231908,0.0041523
1.37896,-0.0518624,0.0864627
1.3889,-0.113592,0.132762
1.39882,-0.0570065,0.137907
1.40881,-0.154746,-0.0267141
1.41883,-0.144457,0.0658851
1.42886,-0.134169,-0.0884469
1.43924,-0.0518624,0.137907
1.44891,-0.0878716,-0.00613651
1.45891,-0.0621507,0.117329
1.46907,-0.113592,-0.0112809
1.479,-0.134169,0.0555963
1.489,-0.170178,-0.0678693
1.4988,-0.000420669,0.101896
1.50875,-0.22162,-0.000992107
1.51922,-0.0621507,0.0658851
1.52912,-0.0775832,0.0504519
1.53911,-0.15989,0.0555963
1.54919,-0.0312857,0.0195855
1.55924,-0.180467,-0.0575805
1.56929,-0.0364299,0.0504519
1.57924,-0.000420669,0.0916071
1.58927,-0.226764,-0.0215697
1.5993,-0.0467182,0.0864627
1.60927,-0.257629,-0.0730137
1.61927,-0.072439,0.168773
1.62927,-0.15989,-0.0524361
1.63919,-0.190755,-0.0370029
1.64915,-0.103304,0.0453075
1.6591,-0.0827274,0.0607407
1.66898,-0.190755,-0.0164253
1.67893,-0.175322,0.0350187
1.68907,-0.0827274,0.0967515
1.69892,-0.0878716,0.122474
1.70894,-0.0364299,0.0607407
1.71892,-0.072439,0.0504519
1.72884,-0.118737,0.0144411
1.73884,-0.144457,0.0195855
1.74888,-0.149602,0.0144411
1.75885,-0.0261415,0.112185
1.76897,-0.216476,-0.0678693
1.77895,-0.190755,0.0401631
1.78898,-0.0158532,0.0350187
1.79906,-0.0878716,0.0813183
1.8092,0.00986767,0.0710295
1.81919,-0.185611,-0.0421473
1.82936,0.0047235,0.0195855
1.83927,-0.0209973,0.0967515
1.84923,-0.180467,-0.0318585
1.85928,-0.0158532,0.0607407
1.86932,-0.113592,0.0864627
1.87966,-0.0518624,0.0710295
1.8897,-0.195899,0.0041523
1.89951,-0.175322,0.0144411
1.90931,-0.041574,0.0041523
1.91921,-0.201043,-0.0164253
1.92904,-0.0364299,0.0298743
1.93892,-0.0158532,0.0916071
1.94889,-0.195899,-0.0575805
1.95898,0.0047235,0.112185
1.96889,-0.242197,-0.0370029
1.97928,-0.154746,0.127618
1.989,-0.0158532,0.0761739
1.99886,-0.0518624,0.0658851
2.00885,-0.0672949,0.0761739
2.01878,0.00986767,0.0813183
2.02894,-0.175322,0.0350187
2.0391,-0.206187,0.0401631
2.04903,-0.0672949,-0.00613651
2.05879,-0.15989,-0.0833025
2.06884,-0.0261415,0.0350187
2.07898,0.0304444,0.101896
2.08909,-0.226764,-0.0370029
2.09901,-0.0827274,0.15334
2.10896,-0.103304,-0.0575805
2.11896,-0.180467,0.0710295
2.12898,-0.113592,0.0864627
2.13896,-0.103304,0.0864627
2.14881,-0.072439,0.10704
2.15878,-0.108448,0.0658851
2.16889,-0.118737,-0.00613651
2.17892,-0.154746,-0.0318585
2.18892,-0.0518624,-0.0215697
2.19897,-0.0827274,0.0298743
2.20905,-0.0981599,0.0504519
2.21918,-0.0672949,0.194495
2.22918,-0.195899,-0.0781581
2.23888,-0.0261415,0.112185
2.24904,-0.185611,-0.0781581
2.25905,-0.0930157,0.0401631
2.26948,-0.123881,0.0710295
2.27972,-0.0981599,0.112185
2.28961,-0.072439,0.0092967
2.29939,-0.113592,-0.0421473
2.30948,-0.226764,-0.0627249
2.3197,-0.190755,-0.0215697
2.3295,-0.201043,-0.0370029
2.33932,-0.139313,-0.0472917
2.34937,-0.129025,-0.0833025
2.35937,-0.170178,-0.00613651
2.36943,-0.15989,-0.0833025
2.37929,-0.0261415,0.0864627
2.38932,-0.0930157,0.0607407
2.39949,-0.0518624,0.10704
2.40935,-0.0930157,0.0710295
2.41944,-0.201043,0.0350187
2.42954,-0.0827274,0.0504519
2.43948,-0.144457,0.0864627
2.44931,-0.216476,-0.0833025
2.4593,-0.165034,0.10704
2.46951,-0.0981599,0.0453075
2.47968,-0.0364299,0.122474
2.48927,-0.0209973,0.0401631
2.49927,-0.0158532,0.0555963
2.50914,-0.0518624,-0.00613651
2.51921,-0.0518624,0.0144411
2.52904,-0.175322,-0.0524361
2.53933,-0.123881,0.0298743
2.54953,-0.195899,-0.0524361
2.55943,-0.0775832,0.168773
2.56933,-0.195899,-0.0421473
2.57938,-0.0981599,0.0761739
2.58931,0.00986767,0.0555963
2.59944,-0.000420669,0.0401631
2.60928,-0.0621507,0.0916071
2.61942,-0.154746,-0.0215697
2.62935,-0.108448,0.101896
2.63934,-0.0775832,0.143051
2.64946,-0.190755,-0.0215697
2.65949,-0.0930157,0.0916071
2.66949,-0.0672949,0.0298743
2.67925,-0.0467182,-0.0267141
2.68916,-0.0981599,-0.0318585
2.69916,-0.165034,-0.0112809
2.7091,-0.129025,0.0350187
2.71898,-0.139313,0.0813183
2.72896,-0.134169,0.0247299
2.73918,-0.154746,0.0453075
2.74924,-0.0930157,0.0298743
2.75886,-0.0672949,0.0401631
2.76901,-0.010709,0.0298743
2.77889,-0.0158532,-0.0627249
2.78886,-0.144457,0.0710295
2.79905,-0.190755,0.0916071
2.80944,-0.0775832,0.0144411
2.81956,-0.118737,0.10704
2.82938,-0.0930157,-0.0421473
2.83941,-0.0775832,-0.0215697
2.84942,-0.0878716,0.0967515
2.85945,-0.108448,0.0916071
2.8694,-0.0621507,0.0555963
2.87936,-0.108448,0.0967515
2.88945,-0.0570065,-0.0627249
2.89956,-0.0930157,-0.0215697
2.90931,-0.0827274,0.117329
2.91916,-0.0775832,0.0761739
2.92907,-0.0312857,-0.0318585
2.93903,-0.0570065,0.0350187
2.9488,-0.118737,0.0555963
2.95894,-0.0518624,0.0864627
2.96889,-0.0621507,0.0916071
2.97889,-0.108448,0.0658851
2.98936,-0.134169,0.0041523
2.99924,-0.0930157,0.0504519
3.00889,-0.190755,-0.10388
3.0189,-0.00556484,0.10704
3.0296,-0.118737,0.0195855
3.03901,0.0150118,0.0864627
3.049,-0.144457,0.0195855
3.05901,-0.180467,-0.0421473
3.06906,-0.175322,0.0195855
3.07954,-0.231908,-0.0267141
3.08917,-0.0467182,0.0607407
3.09912,-0.118737,0.143051
3.10878,-0.0672949,0.0658851
3.1188,-0.0467182,0.0864627
3.12878,-0.206187,-0.0678693
3.13897,0.0047235,0.0504519
3.14884,-0.170178,0.0195855
3.15885,-0.103304,0.0041523
3.16891,-0.185611,0.0658851
3.17873,-0.216476,0.0144411
3.18874,0.0047235,0.0504519
3.19882,-0.113592,0.163629
3.2088,-0.113592,-0.00613651
3.21898,-0.0621507,0.117329
3.22896,-0.0312857,-0.0164253
3.23927,-0.139313,0.0710295
3.24919,-0.0158532,0.0761739
3.25918,-0.0621507,0.168773
3.26897,-0.134169,-0.0215697
3.27905,-0.0312857,0.127618
3.28924,0.0047235,0.0350187
3.29978,-0.15989,0.0453075
3.30895,-0.0467182,0.0401631
3.31897,-0.165034,0.0453075
3.32887,-0.149602,-0.129602
3.339,-0.185611,0.10704
3.34986,-0.0930157,-0.0472917
3.35893,-0.123881,0.0607407
3.36902,-0.129025,-0.0575805
3.37897,-0.103304,0.0555963
3.38896,-0.0672949,-0.000992107
3.39894,-0.113592,0.0247299
3.4089,-0.0364299,0.0504519
3.41894,-0.0878716,0.117329
3.42896,-0.0621507,-0.0370029
3.43897,-0.0672949,0.143051
3.44886,-0.072439,0.0247299
3.45898,-0.15989,-0.0164253
3.46886,-0.0827274,0.0916071
3.47895,-0.0775832,0.0658851
3.48899,-0.149602,-0.0267141
3.4988,-0.0775832,0.0916071
3.50905,-0.129025,0.10704
3.51923,-0.0364299,0.0813183
3.52882,-0.144457,0.101896
3.53886,-0.0209973,0.0864627
3.54954,-0.0827274,0.112185
3.55926,-0.129025,0.0041523
3.56907,-0.0878716,0.0761739
3.57884,-0.0878716,0.0401631
3.58888,-0.165034,-0.0112809
3.59883,-0.175322,-0.00613651
3.60886,-0.0775832,0.0298743
3.6188,-0.0878716,0.0401631
3.62881,-0.170178,-0.10388
3.63881,-0.0518624,0.132762
3.6488,-0.041574,-0.000992107
3.65895,-0.0981599,0.0453075
3.66896,-0.0158532,0.0504519
3.67898,-0.0775832,0.127618
3.68893,-0.0364299,-0.0112809
3.6989,-0.185611,-0.00613651
3.70884,-0.154746,0.0555963
3.71896,-0.0981599,0.0144411
3.72896,-0.129025,0.0453075
3.73893,-0.0518624,-0.0112809
3.74879,-0.0518624,0.0658851
3.75916,-0.0261415,0.117329
3.76893,-0.0672949,0.0350187
3.77891,-0.195899,0.0298743
3.78895,-0.154746,0.0092967
3.79894,-0.0672949,0.143051
3.80901,-0.0775832,0.0555963
3.81907,-0.0827274,0.0555963
3.82894,-0.180467,0.0504519
3.83914,-0.00556484,0.0864627
3.84888,-0.129025,0.0967515
3.85893,-0.144457,-0.0318585
3.8689,-0.139313,0.112185
3.87908,-0.0672949,0.0658851
3.88891,-0.201043,-0.0678693
3.89886,-0.144457,-0.0164253
3.90913,-0.0312857,0.0401631
3.91908,-0.0878716,0.158484
3.92881,-0.0570065,0.0247299
3.93924,-0.211332,0.0350187
3.9493,-0.149602,-0.0575805
3.95915,-0.0467182,0.0607407
3.96914,-0.0878716,0.0813183
3.97924,-0.0209973,0.0864627
3.98938,-0.22162,-0.0472917
3.99957,-0.139313,-0.0112809
4.00959,-0.0621507,0.0504519
4.01985,-0.0621507,0.122474
4.02939,-0.0467182,-0.00613651
4.03967,-0.108448,0.0401631
4.0495,-0.165034,-0.0575805
4.05937,0.0047235,0.0967515
4.06968,-0.103304,0.0761739
4.07954,-0.165034,0.0555963
4.08971,-0.108448,-0.0524361
4.09954,-0.129025,0.0195855
4.10971,-0.0878716,0.0247299
4.11975,-0.010709,0.15334
4.12947,-0.0981599,-0.0164253
4.1395,-0.0672949,0.0658851
4.1495,-0.0930157,0.148196
4.15967,-0.144457,0.0092967
4.16972,-0.165034,0.0195855
4.17966,-0.0621507,0.10704
4.18956,-0.00556484,0.0453075
4.1996,-0.103304,0.0247299
4.2096,-0.0981599,0.0967515
4.21957,-0.0981599,0.0710295
4.22943,-0.149602,-0.0472917
4.23953,-0.144457,0.0453075
4.24951,-0.0930157,0.0916071
4.2596,-0.0364299,0.112185
4.2698,-0.0981599,-0.0267141
4.27945,-0.129025,0.0607407
4.28955,-0.108448,-0.00613651
4.29957,-0.154746,-0.0524361
4.30971,-0.0827274,0.0504519
4.31972,-0.103304,0.0761739
4.32951,-0.144457,-0.0575805
4.33966,-0.0518624,0.0607407
4.34973,-0.231908,-0.00613651
4.35955,-0.072439,0.0967515
4.36962,-0.072439,0.0350187
4.3797,-0.185611,0.0092967
4.38969,-0.0261415,-0.00613651
4.39975,-0.185611,-0.0164253
4.40957,-0.211332,-0.0678693
4.41982,-0.010709,0.0967515
4.42942,-0.0878716,0.0967515
4.43977,-0.0672949,0.132762
4.44962,-0.134169,-0.0987357
4.45959,-0.139313,0.0761739
4.46979,-0.0261415,0.0144411
4.4796,-0.0621507,0.0813183
4.48974,-0.129025,0.127618
4.4997,-0.129025,0.0092967
4.5097,-0.103304,-0.0884469
4.51978,-0.0981599,0.184206
4.5295,-0.0312857,0.0453075
4.53961,-0.139313,0.0916071
4.54969,-0.0827274,0.0144411
4.55961,-0.0518624,0.0247299
4.56956,-0.195899,0.0555963
4.57969,-0.041574,0.117329
4.58957,-0.165034,-0.0370029
4.59962,-0.0827274,0.117329
4.6095,-0.0467182,0.0247299
4.61977,-0.0467182,0.137907
4.62988,-0.0312857,0.0916071
4.63972,-0.0364299,0.0607407
4.64979,-0.195899,-0.0164253
4.65972,-0.0981599,0.0607407
4.66979,-0.15989,0.0195855
4.67956,-0.0878716,0.0916071
4.68972,-0.072439,0.0092967
4.69972,-0.206187,-0.000992107
4.70957,-0.144457,-0.0472917
4.7197,-0.0981599,0.0401631
4.72955,-0.072439,0.0710295
4.73976,-0.0518624,0.0350187
4.74967,-0.129025,0.0761739
4.75972,-0.0209973,0.0967515
4.76979,-0.123881,0.0350187
4.77955,-0.185611,0.0504519
4.78973,-0.123881,0.0453075
4.79973,-0.165034,0.0710295
4.8097,-0.144457,-0.0575805
4.81967,-0.144457,0.117329
4.82943,-0.113592,-0.0370029
4.83972,-0.190755,0.0350187
4.84959,-0.118737,0.0195855
4.85959,-0.118737,0.122474
4.86978,-0.129025,-0.0884469
4.87953,-0.0672949,0.137907
4.88954,-0.0364299,0.0195855
4.89961,-0.175322,-0.0370029
4.90973,-0.0930157,-0.000992107
4.91969,-0.0878716,0.137907
4.92971,-0.139313,-0.0884469
4.93979,-0.0827274,0.0864627
4.94958,-0.211332,0.0247299
4.95951,-0.103304,-0.0267141
4.96975,-0.139313,-0.00613651
4.97978,-0.0672949,0.0453075
4.98954,-0.185611,-0.0267141
4.99967,-0.0672949,0.0555963
5.00958,-0.175322,0.0350187
5.01952,-0.072439,-0.0112809
5.02958,-0.149602,0.0247299
5.03946,-0.0878716,0.0504519
5.04966,-0.190755,-0.0164253
5.05949,-0.190755,0.0710295
5.06952,-0.149602,-0.0267141
5.07971,-0.185611,0.0298743
5.09011,-0.118737,-0.0164253
5.09967,-0.149602,0.0916071
5.10961,-0.0775832,-0.0318585
5.11972,-0.180467,0.0453075
5.12955,-0.0930157,-0.0370029
5.13955,-0.185611,-0.0318585
5.14961,-0.165034,-0.0627249
5.15945,-0.0981599,0.0092967
5.16968,-0.108448,-0.0472917
5.17966,-0.108448,0.0453075
5.18951,-0.134169,0.0247299
5.19953,-0.0209973,0.0144411
5.20952,-0.149602,-0.0370029
5.21961,-0.0467182,0.19964
5.22946,-0.0827274,0.0504519
5.23969,-0.123881,0.0967515
5.24974,-0.0261415,0.0401631
5.2597,-0.0878716,0.122474
5.26977,-0.0467182,0.0658851
5.27944,-0.0467182,0.0864627
5.28972,0.0458769,0.0555963
5.29971,0.0150118,0.173918
5.30957,-0.216476,0.0247299
5.31969,0.0150118,0.122474
5.32944,-0.216476,0.101896
5.33956,-0.113592,0.0658851
5.34953,-0.0981599,0.0916071
5.35955,-0.0775832,0.148196
5.36967,-0.201043,-0.0781581
5.37957,-0.0878716,0.15334
5.3897,-0.108448,-0.000992107
5.39957,-0.211332,0.0555963
5.40959,-0.0981599,-0.0112809
5.4197,-0.154746,0.0916071
5.42943,-0.0312857,-0.0730137
5.43971,-0.0827274,0.173918
5.44971,-0.0209973,0.101896
5.45973,-0.0981599,0.127618
5.46971,-0.0209973,0.0350187
5.47943,-0.072439,0.0350187
5.48959,-0.0158532,0.112185
5.49977,-0.041574,0.15334
5.50967,-0.0672949,-0.0112809
5.51973,0.0355885,0.112185
5.52955,-0.0621507,0.122474
5.53952,-0.139313,-0.0421473
5.54974,-0.154746,0.0195855
5.55979,-0.072439,0.0607407
5.56978,-0.195899,-0.0524361
5.57954,-0.0570065,0.0195855
5.58974,-0.118737,-0.0575805
5.59976,-0.0827274,0.0555963
5.6097,-0.0518624,0.0607407
5.61988,-0.0209973,0.117329
5.62946,0.0407327,0.179062
5.63977,-0.216476,-0.0884469
5.64961,-0.0158532,-0.0112809
5.65975,-0.195899,-0.0215697
5.66967,-0.144457,0.0504519
5.67972,-0.108448,0.0401631
5.68984,-0.185611,-0.00613651
5.69987,-0.0775832,0.117329
5.70976,-0.175322,0.0247299
5.71973,-0.134169,0.0298743
5.7299,-0.170178,-0.0524361
5.73978,-0.0981599,-0.0267141
5.74971,-0.0364299,0.0504519
5.75968,-0.0518624,0.10704
5.7697,-0.0312857,0.0195855
5.77961,0.00986767,0.0864627
5.78973,-0.206187,0.10704
5.79976,-0.0364299,0.122474
5.80962,-0.123881,0.0401631
5.81978,-0.113592,0.0813183
5.82946,-0.0672949,0.0813183
5.83969,-0.0467182,0.117329
5.84976,-0.129025,0.101896
5.85959,0.051021,0.225362
5.86967,-0.041574,0.0247299
5.87956,-0.0981599,0.143051
5.88983,-0.15989,0.0195855
5.89965,0.0613094,0.0813183
5.9096,-0.149602,-0.0884469
5.91959,-0.123881,0.0967515
5.92958,-0.252485,0.0247299
5.93967,-0.206187,0.112185
5.94959,-0.231908,-0.0164253
5.95946,-0.00556484,0.173918
5.96988,-0.00556484,0.0092967
5.97952,-0.0981599,0.0607407
5.98958,-0.175322,-0.000992107
5.99969,-0.123881,0.0401631
6.00961,-0.216476,-0.0267141
6.02005,-0.0621507,0.0658851
6.0296,-0.211332,-0.0833025
6.03969,-0.123881,0.137907
6.04974,-0.185611,-0.0267141
6.05954,0.0150118,0.10704
6.06977,-0.165034,0.0350187
6.07957,-0.144457,0.0195855
6.08968,-0.0878716,-0.0421473
6.09972,-0.0261415,0.204784
6.10971,-0.072439,0.127618
6.11965,-0.0621507,0.0144411
6.12948,-0.175322,-0.0267141
6.13972,-0.201043,0.15334
6.14956,-0.190755,0.0453075
6.15955,-0.0981599,0.10704
6.16974,-0.149602,-0.114169
6.1796,-0.000420669,-0.0421473
6.18969,-0.103304,-0.000992107
6.19969,-0.0827274,0.0658851
6.20939,-0.00556484,0.209928
6.2197,-0.0209973,0.122474
6.22958,-0.129025,-0.0421473
6.23972,-0.0981599,0.0864627
6.24972,-0.0672949,0.122474
6.25966,-0.0981599,0.0504519
6.26978,-0.139313,-0.00613651
6.27973,-0.0878716,0.0761739
6.28974,-0.0158532,0.132762
6.29953,-0.123881,0.101896
6.30957,-0.154746,0.0401631
6.31971,-0.0261415,0.0555963
6.32951,-0.129025,0.0607407
6.33978,-0.15989,0.0041523
6.34974,-0.0570065,0.0195855
6.35976,-0.247341,0.0195855
6.36975,-0.118737,0.0041523
6.37971,-0.0981599,0.0555963
6.38978,-0.103304,0.0092967
6.39959,0.107607,0.189351
6.40984,-0.0930157,0.0967515
6.41973,-0.0570065,-0.0112809
6.42975,-0.154746,-0.124458
6.43972,-0.0775832,0.10704
6.44972,-0.22162,0.0710295
6.45947,-0.072439,-0.0524361
6.46974,-0.0518624,-0.0318585
6.47944,-0.149602,0.240795
6.48976,-0.0981599,0.0710295
6.49974,-0.0878716,-0.0370029
6.50966,-0.175322,0.0247299
6.51976,-0.072439,0.163629
6.52957,-0.0570065,0.0247299
6.53966,0.0921744,0.19964
6.54968,-0.149602,-0.0164253
6.55956,-0.170178,0.0710295
6.56973,-0.113592,-0.00613651
6.57974,-0.0467182,-0.0112809
6.58977,-0.195899,-0.0421473
6.59971,-0.0775832,0.101896
6.60977,-0.0158532,0.0555963
6.61966,-0.165034,0.0864627
6.62953,-0.0827274,-0.000992107
6.63974,-0.175322,0.0813183
6.64972,-0.113592,0.0504519
6.65959,0.020156,0.0864627
6.66971,-0.108448,-0.0781581
6.67971,-0.154746,0.0350187
6.68975,-0.0827274,0.0864627
6.69962,-0.103304,-0.0215697
6.70958,-0.231908,-0.134747
6.71956,-0.0775832,0.117329
6.72969,-0.0621507,-0.0318585
6.73988,-0.0775832,0.117329
6.74969,-0.175322,0.0144411
6.75973,-0.0158532,0.112185
6.76978,-0.041574,0.148196
6.77959,-0.0467182,0.0504519
6.78967,-0.0981599,0.0350187
6.7996,-0.113592,0.189351
6.80962,-0.0261415,0.0350187
6.81976,-0.154746,0.101896
6.82958,-0.180467,-0.000992107
6.83975,-0.0261415,0.0092967
6.84971,-0.170178,0.168773
6.85975,-0.113592,0.0607407
6.86958,-0.0209973,0.0401631
6.87945,-0.15989,0.0967515
6.88962,-0.0570065,0.0298743
6.89954,-0.129025,-0.0472917
6.90949,-0.257629,0.0967515
6.91955,-0.00556484,0.0916071
6.92977,-0.262773,-0.0730137
6.93958,-0.144457,0.127618
6.94959,-0.154746,-0.0884469
6.95957,-0.0878716,-0.0112809
6.96979,-0.0364299,0.0864627
6.97952,-0.211332,-0.0575805
6.98978,-0.170178,0.112185
6.99959,-0.154746,-0.0370029
7.00961,-0.165034,0.0710295
7.01962,-0.0775832,0.132762
7.02971,-0.185611,-0.0318585
7.03944,0.00986767,0.117329
7.04942,-0.190755,-0.0627249
7.05952,-0.118737,0.0555963
7.06952,-0.190755,-0.0421473
7.07949,-0.0518624,0.137907
7.08942,0.0973186,-0.00613651
7.09939,-0.123881,0.0247299
7.10956,0.0047235,-0.0370029
7.11976,-0.0827274,0.101896
7.12952,-0.010709,0.0092967
7.13974,-0.113592,0.117329
7.14965,-0.0878716,-0.0987357
7.15957,-0.0878716,0.117329
7.16974,-0.15989,-0.170757
7.17969,-0.0878716,0.0607407
7.18966,-0.0312857,-0.0112809
7.19957,-0.15989,0.0350187
7.20958,-0.041574,0.168773
7.21971,-0.0467182,0.0967515
7.22985,-0.0981599,-0.0678693
7.23966,-0.0312857,0.0607407
7.2495,-0.0775832,0.0658851
7.25952,-0.123881,0.10704
7.26972,-0.0672949,-0.00613651
7.27955,-0.0467182,0.0710295
7.28957,-0.180467,-0.109025
7.29976,-0.041574,0.0761739
7.30962,-0.0364299,0.0916071
7.31974,-0.154746,0.0710295
7.32962,-0.0775832,0.0195855
7.33973,-0.0261415,0.0967515
7.34968,-0.180467,-0.0781581
7.35967,-0.195899,-0.0370029
7.36968,-0.108448,-0.0318585
7.37969,-0.139313,0.0350187
7.38969,-0.165034,-0.0678693
7.39969,-0.15989,0.0658851
7.40969,-0.0467182,0.0247299
7.41977,-0.180467,-0.0164253
7.42959,-0.0827274,0.112185
7.43971,-0.206187,0.0092967
7.44968,-0.154746,-0.0164253
7.45961,-0.123881,-0.0524361
7.46973,-0.072439,0.132762
7.47953,-0.0930157,0.0401631
7.48973,-0.139313,0.10704
7.49953,-0.0981599,0.0195855
7.50955,-0.231908,-0.0112809
7.51975,-0.0878716,0.0247299
7.52975,-0.123881,0.112185
7.53962,-0.15989,0.0555963
7.54957,-0.123881,-0.00613651
7.5598,-0.15989,0.0453075
7.56975,-0.22162,-0.0164253
7.5795,-0.123881,0.0813183
7.58976,-0.175322,-0.0267141
7.59966,-0.118737,0.0967515
7.6097,-0.0775832,-0.000992107
7.61969,-0.041574,0.132762
7.6296,-0.144457,-0.0833025
7.63977,-0.0518624,0.0401631
7.64979,-0.139313,-0.0678693
7.65979,-0.108448,-0.0575805
7.66972,-0.15989,0.0504519
7.67985,-0.0364299,0.112185
7.68977,-0.0878716,0.0710295
7.69976,-0.0621507,0.132762
7.7097,-0.0621507,0.0247299
7.71979,-0.118737,0.122474
7.72991,-0.257629,-0.0318585
7.73976,-0.139313,0.0041523
7.74968,-0.0672949,-0.0370029
7.75958,-0.154746,-0.0112809
7.76982,-0.118737,0.0761739
7.77984,-0.144457,0.0041523
7.78975,-0.139313,-0.0472917
7.79962,-0.0518624,-0.0215697
7.80976,-0.149602,-0.0524361
7.81975,-0.072439,-0.0112809
7.82965,-0.0364299,0.0144411
7.8397,0.00986767,0.10704
7.84967,-0.129025,0.0761739
7.86019,-0.0570065,0.127618
7.86974,-0.180467,-0.0215697
7.87988,-0.072439,0.127618
7.88974,-0.072439,0.10704
7.89968,-0.195899,0.0813183
7.90966,-0.0570065,0.0298743
7.91968,-0.154746,-0.0112809
7.93121,-0.113592,-0.0164253
7.94255,0.0150118,0.0350187
7.94979,-0.149602,0.0195855
7.95977,-0.0621507,0.0864627
7.96981,-0.216476,-0.0318585
7.97948,-0.113592,0.0247299
7.98962,0.0253002,0.0555963
7.99963,-0.15989,-0.0164253
8.0096,-0.0261415,0.0453075
8.01961,-0.123881,0.0041523
8.02955,-0.0621507,0.0195855
8.03955,-0.0364299,0.10704
8.04961,-0.201043,0.0607407
8.05942,-0.072439,0.143051
8.0695,-0.0827274,-0.0318585
8.07935,-0.072439,0.117329
8.08961,-0.216476,-0.0524361
8.09965,-0.0570065,0.0555963
8.10961,-0.170178,-0.0935913
8.11961,-0.195899,0.10704
8.12981,-0.072439,0.0916071
8.13974,-0.144457,0.0350187
8.14978,-0.0981599,0.0813183
8.15976,-0.0775832,0.112185
8.16959,-0.103304,-0.0318585
8.1798,-0.0827274,0.0247299
8.1896,-0.216476,-0.0112809
8.19973,-0.103304,0.122474
8.20972,-0.216476,-0.00613651
8.21974,-0.0621507,0.0864627
8.22987,-0.0467182,-0.0421473
8.23973,-0.000420669,0.0864627
8.24991,-0.0518624,0.0350187
8.25988,-0.175322,0.0916071
8.26978,-0.129025,0.0555963
8.2799,-0.0621507,0.101896
8.28969,0.0047235,0.0401631
8.2998,-0.0981599,0.0555963
8.30986,-0.247341,-0.0267141
8.31976,-0.113592,0.10704
8.32981,-0.231908,-0.0215697
8.33982,-0.170178,-0.0215697
8.34984,-0.0209973,0.0041523
8.35975,0.0047235,0.0864627
8.36978,-0.072439,-0.000992107
8.37994,-0.0775832,0.132762
8.38976,-0.144457,-0.00613651
8.39972,-0.0827274,0.0710295
8.40977,-0.0467182,0.0195855
8.41977,-0.134169,-0.0112809
8.42991,-0.0981599,0.0401631
8.4399,-0.0158532,0.0967515
8.44984,-0.0930157,0.0401631
8.45953,-0.0467182,0.19964
8.46977,-0.0364299,0.117329
8.47975,-0.149602,0.127618
8.4899,-0.0827274,0.112185
8.49983,-0.0930157,0.0813183
8.50985,-0.0878716,0.0761739
8.5198,-0.0672949,0.0710295
8.52972,-0.134169,-0.0370029
8.53965,-0.139313,-0.0267141
8.54971,-0.00556484,0.0350187
8.55967,-0.134169,0.10704
8.56971,-0.0518624,0.0761739
8.57978,-0.0930157,0.122474
8.58962,-0.149602,0.0658851
8.59991,-0.0981599,0.0298743
8.60997,-0.180467,0.122474
8.61981,-0.0621507,0.101896
8.62991,-0.108448,0.0092967
8.63982,-0.000420669,0.0916071
8.64985,-0.0158532,0.0555963
8.65994,-0.0930157,0.127618
8.66979,-0.0621507,0.0710295
8.67978,-0.0981599,0.132762
8.68978,-0.22162,-0.0215697
8.69961,-0.149602,0.0195855
8.70982,-0.123881,0.0350187
8.71968,-0.0775832,0.0144411
8.72991,-0.175322,-0.0421473
8.73982,-0.118737,0.0195855
8.74956,-0.154746,-0.0112809
8.75969,-0.113592,-0.0112809
8.76975,-0.0981599,-0.00613651
8.77974,-0.139313,0.0401631
8.78979,-0.242197,-0.0627249
8.79968,-0.108448,0.0916071
8.80959,-0.211332,-0.0215697
8.81976,-0.139313,0.10704
8.8296,-0.0878716,0.101896
8.83967,-0.0261415,0.0916071
8.8497,0.0047235,0.0504519
8.85996,-0.0364299,0.117329
8.86997,-0.0312857,0.0658851
8.87976,-0.149602,0.10704
8.88983,-0.195899,-0.0524361
8.89973,-0.072439,0.0761739
8.90998,-0.139313,-0.0164253
8.91978,0.0253002,0.0401631
8.92998,-0.139313,0.0144411
8.93974,-0.170178,0.0092967
8.9499,-0.0621507,0.0710295
8.95978,-0.134169,0.158484
8.96983,-0.170178,0.0607407
8.97976,-0.0570065,0.0041523
8.98978,-0.139313,0.0967515
8.99974,-0.0312857,0.0967515
9.0097,-0.0467182,-0.00613651
9.01945,-0.175322,0.0916071
9.02981,-0.195899,0.0041523
9.03966,-0.0570065,0.0453075
9.04975,-0.211332,-0.0781581
9.05973,-0.0312857,0.10704
9.06983,-0.154746,-0.0112809
9.07993,-0.118737,0.0041523
9.0897,-0.180467,0.0401631
9.09983,-0.0621507,-0.0215697
9.10983,0.0047235,0.0092967
9.1195,-0.180467,0.0350187
9.12967,-0.0312857,0.0967515
9.13983,-0.170178,-0.0421473
9.14952,-0.170178,-0.00613651
9.15943,-0.0364299,0.112185
9.16943,-0.0518624,0.0864627
9.17975,-0.072439,0.0864627
9.18978,-0.134169,-0.0318585
9.19968,-0.149602,0.0967515
9.20985,-0.0878716,0.117329
9.2195,-0.118737,-0.0164253
9.22953,-0.0775832,-0.0215697
9.23959,-0.0930157,0.158484
9.2495,-0.0621507,0.112185
9.2596,-0.0827274,0.0350187
9.26954,-0.129025,-0.0215697
9.27965,-0.0672949,0.132762
9.28955,-0.0827274,0.132762
9.29946,-0.103304,-0.0472917
9.3096,-0.00556484,0.0401631
9.31945,-0.185611,-0.0215697
9.32958,-0.170178,-0.0215697
9.33961,-0.118737,0.0298743
9.3496,-0.144457,-0.0164253
9.3598,-0.103304,-0.0112809
9.36973,-0.165034,-0.0884469
9.37969,-0.0672949,0.143051
9.38988,-0.190755,0.0092967
9.39976,-0.0621507,0.0864627
9.40991,-0.0775832,0.0453075
9.41972,0.0047235,0.0401631
9.42958,-0.0158532,0.0555963
9.43979,-0.129025,0.0298743
9.44974,-0.0312857,-0.000992107
9.45982,-0.118737,0.117329
9.46976,-0.149602,0.0144411
9.4798,-0.000420669,0.0555963
9.48976,-0.231908,0.0041523
9.49957,-0.0570065,0.0658851
9.50984,-0.195899,0.0607407
9.51976,-0.000420669,0.0761739
9.52995,-0.0209973,0.0504519
9.53981,-0.165034,-0.0318585
9.5498,-0.0775832,0.0298743
9.55991,-0.154746,-0.0215697
9.5698,-0.190755,-0.000992107
9.57977,-0.144457,0.0813183
9.58979,-0.108448,0.0607407
9.59975,-0.144457,0.143051
9.60968,-0.0672949,0.112185
9.61978,-0.0930157,0.117329
9.62973,-0.149602,0.0504519
9.63986,-0.0467182,0.0658851
9.64976,-0.175322,-0.0575805
9.65967,-0.0827274,0.0504519
9.6696,-0.0518624,0.0298743
9.67954,-0.0518624,0.0864627
9.6896,-0.129025,0.0401631
9.69955,-0.0467182,0.0658851
9.70946,-0.108448,-0.0575805
9.71971,-0.041574,0.0967515
9.72973,-0.118737,-0.0421473
9.73984,-0.144457,-0.0472917
9.7497,-0.170178,-0.0370029
9.75972,-0.0467182,0.0710295
9.76975,-0.15989,-0.0215697
9.77969,-0.0775832,0.10704
9.78967,-0.15989,0.0195855
9.79968,-0.190755,0.0401631
9.80945,-0.201043,-0.0472917
9.81956,-0.118737,0.127618
9.8297,-0.123881,-0.000992107
9.83962,-0.134169,0.148196
9.84976,-0.0878716,0.10704
9.86014,-0.144457,0.0144411
9.86968,-0.134169,0.0195855
9.87973,-0.144457,0.0555963
9.88962,-0.0467182,0.0967515
9.89967,-0.0518624,0.0247299
9.90967,-0.0467182,-0.0164253
9.91973,-0.0467182,0.0710295
9.92973,0.0150118,0.0453075
9.93958,-0.0930157,-0.0524361
9.94958,-0.0209973,0.0401631
9.95951,0.00986767,0.0864627
9.96953,-0.041574,0.0453075
9.97966,-0.0467182,0.0813183
9.98971,-0.0930157,0.0453075
9.9996,-0.170178,0.0658851
10.0097,-0.201043,0.0195855
10.0195,-0.149602,0.0967515
10.0296,-0.165034,-0.0987357
10.0395,-0.175322,0.0195855
10.0496,-0.072439,0.0041523
10.0597,-0.0312857,-0.0112809
10.0696,-0.0518624,0.0658851
10.0795,-0.0467182,0.0967515
10.0896,-0.0981599,0.0761739
10.0997,-0.211332,-0.000992107
10.1097,-0.226764,0.0710295
10.1198,-0.0775832,0.10704
10.1298,-0.0570065,0.0144411
10.1397,-0.129025,-0.0370029
10.1496,-0.103304,-0.0215697
10.1597,-0.118737,0.0761739
10.1696,-0.118737,-0.0112809
10.1796,-0.108448,0.0710295
10.1895,-0.134169,0.0247299
10.1996,-0.00556484,0.101896
10.2096,-0.15989,-0.0730137
10.2197,-0.129025,0.0195855
10.2299,-0.118737,-0.0112809
10.2395,-0.0312857,0.0350187
10.2497,-0.309071,0.0092967
10.2599,-0.113592,0.0195855
10.2696,-0.0261415,0.0504519
10.2798,-0.0209973,-0.0215697
10.2895,-0.0570065,0.0298743
10.2995,-0.103304,0.0761739
10.3097,-0.0312857,0.0195855
10.3195,-0.103304,-0.139891
10.3299,-0.149602,0.10704
10.3398,-0.15989,0.117329
10.3498,-0.0209973,0.0967515
10.3599,0.0767419,0.122474
10.3697,-0.0930157,0.0092967
10.3799,-0.108448,0.0607407
10.3898,-0.144457,0.0401631
10.3996,-0.129025,0.132762
10.4098,-0.0518624,0.0247299
10.4197,-0.010709,0.122474
10.4297,-0.139313,-0.0112809
10.4397,0.0304444,0.0658851
10.4497,-0.242197,0.0144411
10.4597,-0.108448,0.0710295
10.4697,-0.170178,0.0298743
10.4796,-0.149602,0.0298743
10.4897,-0.134169,0.0195855
10.4996,-0.0261415,0.0195855
10.5098,-0.226764,-0.0524361
10.5198,-0.0209973,0.0092967
10.5297,-0.144457,-0.000992107
10.5399,-0.113592,-0.000992107
10.5497,-0.273062,-0.0215697
10.5597,-0.149602,0.0247299
10.5697,-0.170178,-0.0833025
10.5798,-0.15989,0.0607407
10.5894,-0.180467,-0.0627249
10.5994,-0.0209973,0.0967515
10.6094,-0.165034,-0.0524361
10.6194,-0.0775832,0.0813183
10.6296,-0.22162,0.0401631
10.6394,-0.072439,-0.0267141
10.6498,-0.206187,0.0401631
10.6598,-0.129025,0.0195855
10.6697,-0.103304,-0.0164253
10.6797,-0.108448,-0.00613651
10.6896,-0.144457,-0.0627249
10.6997,-0.0672949,0.0916071
10.7094,-0.0930157,0.0195855
10.7195,-0.0312857,0.0813183
10.7294,-0.0570065,0.0401631
10.7396,-0.15989,-0.0215697
10.7497,-0.108448,0.0504519
10.7596,-0.149602,-0.0472917
10.7696,-0.154746,0.0967515
10.7796,-0.170178,-0.0884469
10.7897,-0.175322,0.122474
10.7995,-0.149602,-0.0524361
10.8094,-0.149602,0.0555963
10.8198,-0.134169,-0.00613651
10.8295,-0.201043,0.0298743
10.8398,-0.15989,0.122474
10.8496,-0.0467182,0.0401631
10.8598,-0.129025,0.0813183
10.8697,0.0047235,0.0144411
10.8795,-0.113592,0.10704
10.8897,-0.0209973,0.0658851
10.8995,-0.0209973,0.122474
10.9097,-0.0930157,0.0504519
10.9198,-0.0775832,0.132762
10.9297,-0.0827274,-0.0575805
10.9395,-0.0878716,0.117329
10.9495,-0.139313,-0.0524361
10.9595,-0.139313,0.0916071
10.9698,-0.123881,-0.0318585
10.9798,-0.190755,0.0504519
10.9897,0.0047235,0.0144411
10.9998,-0.195899,0.0041523
11.0097,0.020156,0.0350187
11.0198,-0.0827274,0.10704
11.0298,-0.0981599,0.0658851
11.0398,-0.180467,-0.0164253
11.0497,-0.226764,-0.000992107
11.0599,0.00986767,-0.00613651
11.0697,-0.0827274,0.15334
11.0799,-0.0981599,0.0453075
11.0895,-0.0364299,0.0555963
11.0996,-0.134169,0.0504519
11.1097,-0.0209973,0.0401631
11.1195,-0.113592,0.0710295
11.1297,-0.0775832,0.132762
11.1396,-0.0364299,0.0453075
11.1496,-0.201043,0.0350187
11.1596,-0.0364299,0.117329
11.1695,-0.0827274,-0.000992107
11.1797,-0.22162,-0.0215697
11.1895,-0.0364299,0.101896
11.1996,-0.180467,0.0092967
11.2097,-0.211332,0.0607407
11.2195,-0.072439,0.0916071
11.2297,-0.108448,0.0813183
11.2396,-0.154746,0.0041523
11.2494,0.00986767,-0.00613651
11.2596,-0.0981599,0.10704
11.2697,-0.190755,0.0453075
11.2798,-0.134169,-0.000992107
11.2899,-0.103304,-0.0164253
11.2995,-0.041574,0.0813183
11.3097,-0.108448,0.0710295
11.3195,-0.0570065,-0.00613651
11.3297,-0.113592,0.101896
11.3396,-0.149602,-0.0421473
11.3495,-0.0775832,0.0041523
11.3597,-0.0878716,0.0298743
11.3698,-0.190755,0.117329
11.3796,-0.154746,-0.0472917
11.3895,-0.0518624,-0.0318585
11.3995,-0.165034,-0.0215697
11.4095,-0.216476,0.0092967
11.4195,-0.0775832,0.0555963
11.4297,-0.0981599,-0.0112809
11.4397,-0.041574,0.101896
11.4495,-0.247341,-0.0164253
11.4598,-0.144457,-0.0472917
11.4695,0.0253002,0.0401631
11.4797,-0.165034,0.127618
11.4896,-0.185611,0.0967515
11.4996,-0.0621507,0.0761739
11.5097,-0.072439,0.0453075
11.5195,-0.195899,0.0453075
11.5297,-0.22162,0.15334
11.5395,-0.0209973,0.0555963
11.5496,-0.0930157,-0.000992107
11.5596,-0.0878716,0.0761739
11.5695,-0.195899,0.0813183
11.5797,-0.0312857,0.0504519
11.5898,-0.108448,0.0658851
11.5996,-0.118737,0.0967515
11.6097,-0.242197,0.0092967
11.6196,-0.0672949,0.0555963
11.6297,-0.0467182,0.0916071
11.6398,-0.072439,-0.00613651
11.6497,0.102463,0.0967515
11.6597,-0.149602,-0.0267141
11.6698,-0.170178,0.0710295
11.6795,-0.180467,-0.0267141
11.6896,-0.103304,0.0247299
11.6995,-0.072439,0.0401631
11.7095,-0.129025,0.0195855
11.7197,-0.165034,-0.0575805
11.7298,-0.041574,0.173918
11.7397,-0.0312857,0.0298743
11.7497,0.0561652,0.0658851
11.7597,-0.134169,0.0658851
11.7698,-0.0621507,0.132762
11.7799,-0.0827274,0.0144411
11.7896,-0.0672949,-0.0318585
11.7996,-0.180467,0.148196
11.8096,-0.231908,-0.0164253
11.8194,-0.170178,-0.0267141
11.8295,-0.0827274,0.0092967
11.8394,-0.0827274,0.112185
11.8496,-0.206187,-0.0164253
11.8595,-0.237052,-0.15018
11.8696,-0.0570065,0.117329
11.8796,-0.103304,-0.0575805
11.8895,-0.072439,0.0195855
11.8997,-0.134169,0.0504519
11.9098,-0.165034,0.117329
11.9197,-0.072439,-0.00613651
11.9297,-0.0467182,-0.0164253
11.9397,-0.139313,0.0195855
11.95,-0.134169,-0.0215697
11.9596,-0.190755,-0.0164253
11.9697,-0.0878716,0.0555963
11.9799,-0.00556484,0.0504519
11.9896,-0.0930157,-0.0627249
11.9998,-0.0981599,0.0401631
12.0097,-0.211332,0.0195855
12.0196,-0.108448,0.0555963
12.0298,-0.149602,0.0453075
12.0396,-0.000420669,0.0658851
12.0497,-0.072439,0.0350187
12.0597,-0.0878716,0.0658851
12.0698,-0.22162,-0.10388
12.0796,-0.237052,-0.0987357
12.0898,-0.0827274,0.173918
12.0995,-0.22162,-0.0112809
12.1097,-0.0878716,0.179062
12.1195,-0.041574,0.0144411
12.1295,-0.0775832,0.0916071
12.1395,-0.0621507,-0.0164253
12.1495,-0.118737,-0.0164253
12.1595,-0.206187,-0.0678693
12.1695,-0.103304,0.127618
12.1796,-0.0312857,0.0298743
12.1895,-0.190755,0.0813183
12.1994,-0.170178,-0.0215697
12.2095,-0.190755,0.0350187
12.2195,-0.0878716,0.0144411
12.2296,-0.0570065,0.0864627
12.2396,-0.0570065,0.0247299
12.2496,-0.00556484,0.0967515
12.2597,-0.0672949,0.101896
12.2695,-0.0158532,0.0916071
12.2797,-0.072439,0.0710295
12.2898,-0.180467,-0.0781581
12.2999,-0.170178,-0.0267141
12.3098,-0.0775832,0.158484
12.3197,-0.0775832,-0.00613651
12.3297,-0.041574,0.0658851
12.3396,-0.113592,-0.00613651
12.3496,-0.010709,0.0916071
12.3597,-0.139313,-0.0164253
12.3697,-0.134169,-0.0524361
12.3796,-0.216476,0.0350187
12.3897,-0.0878716,0.163629
12.3998,-0.010709,0.0607407
12.4098,-0.103304,0.0504519
12.4197,-0.108448,0.0092967
12.4298,-0.113592,-0.00613651
12.4397,-0.165034,-0.0215697
12.4498,-0.113592,0.143051
12.4597,-0.0364299,0.0247299
12.4697,-0.072439,0.117329
12.4796,-0.0775832,-0.0112809
12.4898,-0.170178,-0.0164253
12.4998,-0.231908,-0.00613651
12.5097,-0.0827274,0.137907
12.5196,-0.0981599,-0.0524361
12.5297,-0.0467182,0.0144411
12.5397,-0.201043,-0.0267141
12.5498,-0.0672949,0.0967515
12.5597,-0.129025,0.0864627
12.5697,-0.108448,-0.000992107
12.5798,-0.0467182,0.0453075
12.5898,-0.195899,-0.0370029
12.5998,-0.211332,-0.0164253
12.6099,-0.0672949,0.148196
12.6197,-0.0930157,0.0504519
12.6298,-0.113592,-0.0370029
12.6399,-0.139313,-0.0524361
12.6499,-0.072439,0.0761739
12.6598,-0.0878716,0.0813183
12.6697,-0.0672949,0.15334
12.6798,-0.108448,-0.0781581
12.6897,-0.000420669,0.132762
12.6996,-0.129025,0.0607407
12.7098,-0.108448,0.122474
12.7197,-0.0518624,0.0504519
12.7298,-0.149602,0.0350187
12.7398,-0.201043,0.0195855
12.7498,-0.201043,-0.00613651
12.7596,-0.0209973,-0.0112809
12.7698,-0.0930157,0.0453075
12.7796,-0.185611,0.0555963
12.7897,-0.108448,0.0864627
12.7998,-0.0261415,0.0350187
12.8098,-0.180467,-0.0730137
12.8197,-0.123881,0.101896
12.8297,-0.0930157,0.0658851
12.8397,-0.0209973,0.0144411
12.85,-0.247341,0.0504519
12.8595,-0.118737,0.0144411
12.8695,0.0664535,0.0504519
12.8795,-0.149602,0.101896
12.8896,-0.175322,0.0916071
12.8996,-0.185611,-0.0318585
12.9097,-0.134169,0.0144411
12.9198,-0.0930157,0.10704
12.9297,-0.108448,0.0298743
12.9398,-0.15989,-0.0627249
12.9498,-0.103304,0.0710295
12.9598,-0.0930157,0.0761739
12.9697,-0.123881,0.0555963
12.9799,-0.0981599,-0.00613651
12.9899,-0.0261415,0.10704
12.9996,0.107607,0.0144411
13.0097,0.051021,0.0144411
13.0195,-0.0312857,0.0144411
13.0298,0.133328,0.148196
13.0398,0.215634,0.132762
13.0497,0.112751,-0.0318585
13.0598,0.251644,0.19964
13.0697,0.323662,0.15334
13.0797,0.225923,0.0350187
13.0897,0.261932,0.230506
13.0998,0.215634,-0.10388
13.1098,0.313374,0.0555963
13.1195,0.297941,0.0813183
13.1295,0.287653,0.0453075
13.1399,0.323662,0.0813183
13.1497,0.303085,0.127618
13.1596,0.277365,-0.0884469
13.1697,0.159049,0.0298743
13.1796,0.344239,-0.0112809
13.1894,0.30823,0.0247299
13.1995,0.241355,-0.0215697
13.2093,0.323662,0.0504519
13.2195,0.277365,0.0813183
13.2294,0.380248,0.15334
13.2395,0.225923,-0.00613651
13.2494,0.159049,0.0401631
13.2595,0.297941,0.0504519
13.2694,0.30823,0.137907
13.2795,0.200202,-0.114169
13.2895,0.328806,0.0864627
13.2995,0.318518,0.0041523
13.3095,0.344239,0.158484
13.3194,0.318518,0.0401631
13.3293,0.215634,0.143051
13.3395,0.313374,0.0710295
13.3496,0.189914,0.0504519
13.3594,0.303085,0.0813183
13.3696,0.225923,-0.00613651
13.3798,0.27222,0.122474
13.3898,0.220779,0.0967515
13.3997,0.375104,-0.00613651
13.4098,0.21049,-0.0267141
13.4198,0.267076,-0.0164253
13.4298,0.21049,-0.0678693
13.4397,0.231067,0.0710295
13.4497,0.256788,-0.0112809
13.4598,0.303085,0.0607407
13.4697,0.297941,0.101896
13.4798,0.267076,0.0041523
13.4897,0.30823,0.0864627
13.4995,0.138472,0.101896
13.5097,0.0715977,0.0195855
13.5195,0.0561652,-0.0472917
13.5295,0.020156,0.163629
13.5397,-0.0672949,0.0453075
13.5495,-0.180467,-0.0267141
13.5595,-0.0312857,0.0144411
13.5697,-0.0621507,0.0658851
13.5797,-0.0312857,0.0092967
13.5898,-0.0981599,0.15334
13.5997,-0.129025,0.0298743
13.6098,-0.041574,0.0350187
13.6197,-0.0827274,0.0607407
13.6296,0.0355885,0.0350187
13.6397,-0.123881,-0.0781581
13.6496,-0.0672949,0.0916071
13.6597,-0.0621507,0.0401631
13.6698,-0.123881,0.127618
13.6796,-0.0518624,0.0041523
13.6897,-0.154746,0.117329
13.6998,-0.108448,0.0453075
13.7096,-0.0930157,0.163629
13.7197,-0.123881,-0.0627249
13.7295,-0.113592,0.112185
13.7398,-0.0827274,-0.0524361
13.7498,-0.0672949,0.101896
13.7595,-0.185611,0.0247299
13.7695,-0.0312857,0.0967515
13.7795,-0.165034,-0.0833025
13.7895,-0.113592,-0.0524361
13.7998,-0.154746,-0.00613651
13.8094,-0.0981599,0.15334
13.8194,-0.216476,0.0298743
13.8295,-0.0775832,0.168773
13.8394,-0.206187,-0.0575805
13.8497,-0.211332,-0.0112809
13.8597,-0.072439,-0.0215697
13.8695,-0.0878716,-0.0267141
13.8794,-0.0827274,0.0298743
13.8892,-0.118737,0.0607407
13.8994,-0.226764,-0.0318585
13.9094,-0.195899,0.0092967
13.9195,-0.103304,0.0864627
13.9293,-0.216476,0.0247299
13.9393,-0.0570065,0.0555963
13.9496,-0.0467182,0.0916071
13.9594,-0.144457,-0.0472917
13.9694,-0.0570065,0.0298743
13.9794,-0.072439,0.0761739
13.9894,-0.118737,0.0658851
13.9994,-0.0930157,0.0504519
14.0095,-0.000420669,0.0607407
14.0195,-0.15989,-0.0318585
14.0296,0.0253002,0.122474
14.0398,0.00986767,-0.0112809
14.0497,0.133328,0.0916071
14.0597,-0.0518624,-0.0267141
14.0697,0.184769,0.0813183
14.0798,0.107607,-0.0164253
14.0897,0.246499,0.0916071
14.0997,0.0921744,-0.0884469
14.1095,0.241355,0.0298743
14.1197,0.159049,0.0967515
14.1297,0.236211,0.148196
14.1397,0.215634,-0.000992107
14.1496,0.159049,0.0195855
14.1598,0.251644,0.0092967
14.1698,0.236211,0.0401631
14.1798,0.261932,0.0401631
14.19,0.195058,0.101896
14.1998,0.169337,-0.0215697
14.2098,0.313374,0.0916071
14.2197,0.117895,0.0504519
14.2296,0.241355,0.0041523
14.2397,0.174481,0.122474
14.2499,0.169337,0.0298743
14.2598,0.184769,0.0607407
14.2697,0.261932,0.127618
14.2797,0.102463,-0.0524361
14.2896,0.246499,0.137907
14.2996,0.174481,0.101896
14.3098,0.200202,0.10704
14.3197,0.138472,-0.0575805
14.3297,0.0715977,0.0658851
14.3399,0.159049,-0.0678693
14.3498,0.179625,0.132762
14.3597,0.133328,-0.124458
14.3697,0.169337,0.132762
14.3797,0.174481,-0.0370029
14.3896,0.0973186,0.0195855
14.4,0.184769,-0.0678693
14.4097,0.174481,0.112185
14.4197,0.133328,-0.0627249
14.4296,0.21049,0.137907
14.4395,0.128184,-0.0267141
14.4496,0.236211,0.184206
14.4597,0.102463,0.0555963
14.4697,0.184769,0.101896
14.4797,0.159049,0.0761739
14.4898,0.0870302,0.0195855
14.4998,-0.0158532,-0.0730137
14.5097,0.0355885,0.0247299
14.5196,0.0304444,-0.0627249
14.5298,-0.113592,-0.0318585
14.5397,-0.118737,-0.0987357
14.5498,-0.0621507,0.148196
14.5596,-0.118737,0.132762
14.5695,-0.180467,-0.0215697
14.5798,-0.237052,-0.0524361
14.5895,-0.0930157,0.0504519
14.5999,-0.175322,-0.0524361
14.6097,-0.190755,0.0350187
14.6197,-0.0930157,0.0607407
14.6297,-0.15989,0.0350187
14.6398,-0.180467,0.0453075
14.6499,-0.0467182,0.122474
14.6596,-0.0775832,0.0401631
14.6695,-0.113592,-0.000992107
14.6797,-0.139313,-0.0935913
14.6896,-0.170178,0.158484
14.6995,-0.206187,0.0144411
14.7097,-0.0621507,0.0195855
14.7194,-0.0981599,0.0247299
14.7296,-0.206187,0.101896
14.7394,-0.195899,-0.0524361
14.7495,-0.0518624,0.10704
14.76,-0.118737,0.101896
14.7698,-0.144457,-0.0164253
14.7797,-0.175322,-0.0370029
14.7897,-0.0621507,0.122474
14.7996,-0.0878716,0.0247299
14.8096,-0.165034,0.0298743
14.8197,-0.190755,0.0453075
14.8295,-0.0518624,0.112185
14.8399,-0.0261415,0.0401631
14.8498,-0.231908,0.0401631
14.8597,-0.231908,-0.0164253
14.8697,-0.0518624,0.0504519
14.8797,-0.123881,-0.0678693
14.8897,-0.0930157,0.0916071
14.8999,-0.072439,0.0195855
14.9096,-0.180467,0.101896
14.9195,-0.185611,0.0967515
14.9296,-0.108448,-0.0370029
14.9395,-0.190755,-0.109025
14.9497,-0.0981599,0.137907
14.9598,-0.144457,0.0041523
14.9697,-0.0261415,0.0658851
14.9798,-0.0364299,0.0350187
14.9897,-0.108448,0.0298743
14.9999,-0.0827274,-0.0164253
15.0099,-0.129025,-0.00613651
15.0198,-0.0981599,0.0504519
15.0297,0.0047235,0.0195855
15.0398,-0.0364299,-0.155324
15.0498,0.0561652,0.132762
15.0597,0.0253002,0.0350187
15.0697,0.205346,0.101896
15.0798,0.179625,-0.00613651
15.0897,0.153904,0.0298743
15.0998,0.0613094,-0.0935913
15.1097,0.133328,0.101896
15.1197,0.0407327,-0.0678693
15.1298,0.159049,0.10704
15.1398,0.107607,0.0813183
15.1498,0.215634,0.0916071
15.1598,0.159049,0.0607407
15.1698,0.0767419,-0.0627249
15.1797,0.0767419,-0.114169
15.1897,0.174481,0.0916071
15.1997,0.169337,0.0247299
15.2095,0.189914,0.0864627
15.2198,0.195058,0.0401631
15.2297,0.174481,0.0916071
15.2397,0.231067,0.0195855
15.2498,0.0613094,-0.0318585
15.2597,0.117895,-0.0987357
15.2698,0.184769,0.0864627
15.2797,0.169337,0.0247299
15.2898,0.128184,0.0041523
15.2998,0.195058,0.0504519
15.3098,0.195058,0.0813183
15.3198,0.231067,0.0504519
15.3298,0.112751,-0.0112809
15.3399,0.133328,-0.0318585
15.3498,0.215634,0.0967515
15.3597,0.0613094,-0.00613651
15.3697,0.220779,0.0864627
15.3797,0.0561652,0.0504519
15.3899,0.200202,0.117329
15.3999,-0.000420669,-0.0421473
15.4098,0.205346,0.0813183
15.4198,0.164193,0.0916071
15.4297,0.112751,0.0658851
15.4397,0.14876,0.0401631
15.4497,0.0973186,0.0607407
15.4598,0.153904,0.0092967
15.4698,0.0355885,0.0555963
15.4798,0.123039,-0.0370029
15.4898,0.0407327,0.0813183
15.4998,0.020156,-0.0987357
15.5098,0.0407327,-0.00613651
15.5197,-0.0209973,0.112185
15.5297,-0.0981599,0.112185
15.5398,-0.0775832,0.0144411
15.5498,-0.185611,0.0041523
15.5598,-0.0209973,0.0555963
15.5697,0.0150118,0.0967515
15.5796,-0.154746,0.0453075
15.5898,-0.0312857,0.0916071
15.5997,-0.206187,0.0092967
15.6097,-0.134169,0.148196
15.6197,-0.123881,-0.0370029
15.6297,-0.185611,-0.0215697
15.6397,-0.185611,0.0350187
15.6498,-0.165034,0.112185
15.6596,-0.216476,-0.109025
15.6696,-0.113592,0.0453075
15.6797,-0.0621507,0.0710295
15.6896,-0.0364299,0.0710295
15.6997,-0.129025,0.0916071
15.7098,-0.0621507,0.163629
15.7197,-0.113592,-0.0884469
15.7297,-0.211332,0.0247299
15.7397,-0.139313,0.0298743
15.7499,-0.154746,0.0504519
15.7597,-0.206187,-0.0730137
15.7698,-0.0878716,0.0092967
15.7798,-0.170178,0.10704
15.7897,-0.103304,0.163629
15.7997,-0.190755,-0.0370029
15.8095,-0.154746,0.0041523
15.8193,-0.139313,0.112185
15.8291,-0.108448,0.15334
15.839,-0.072439,0.0350187
15.8492,-0.0570065,0.0761739
15.8591,-0.139313,0.0607407
15.8693,-0.139313,0.122474
15.8792,-0.170178,-0.0884469
15.8892,-0.0467182,0.0453075
15.8993,-0.144457,0.0813183
15.9092,-0.0878716,0.132762
15.9194,-0.0672949,0.0453075
15.9295,-0.0672949,0.122474
15.9398,-0.0570065,0.0401631
15.9498,-0.0930157,0.0916071
15.9599,-0.0827274,0.122474
15.9698,-0.113592,0.15334
15.9798,-0.113592,-0.0730137
15.9895,-0.0312857,0.10704
15.9997,-0.15989,-0.109025
16.0097,-0.0364299,0.0350187
16.0197,-0.0878716,0.0195855
16.0298,-0.010709,0.148196
16.0397,0.0047235,-0.0575805
16.0497,-0.0158532,0.0555963
16.0596,0.153904,0.0350187
16.0697,0.0767419,0.0247299
16.0798,0.0818861,-0.0112809
16.0899,0.0355885,0.0247299
16.0997,0.164193,0.0298743
16.1099,0.153904,0.0247299
16.1196,0.143616,-0.0678693
16.1299,0.112751,-0.0112809
16.14,0.174481,0.112185
16.1498,0.195058,0.0967515
16.1597,0.179625,-0.0575805
16.1698,0.0561652,0.0453075
16.1798,0.169337,0.0916071
16.1899,0.0767419,-0.0112809
16.1997,0.195058,-0.000992107
16.2095,0.256788,0.0453075
16.2195,0.0355885,-0.0215697
16.23,0.14876,0.10704
16.2397,0.133328,0.0041523
16.2497,0.200202,0.132762
16.2596,0.225923,-0.00613651
16.2699,0.231067,0.0813183
16.2799,0.189914,0.0350187
16.2899,0.0715977,-0.000992107
16.2997,0.143616,0.0453075
16.3096,0.138472,0.0967515
16.3197,0.251644,0.0298743
16.3296,0.179625,0.0967515
16.3397,0.205346,0.0504519
16.3497,0.200202,0.0710295
16.3596,0.138472,0.127618
16.3697,0.0767419,0.0916071
16.3798,0.21049,0.0350187
16.3898,0.246499,0.0761739
16.3995,0.138472,-0.0318585
16.4096,0.220779,0.10704
16.4199,0.102463,-0.0112809
16.4297,0.138472,0.137907
16.4397,0.220779,-0.0215697
16.4499,0.251644,0.127618
16.4598,0.0355885,-0.114169
16.4698,0.179625,0.0864627
16.4798,0.0664535,-0.0112809
16.4898,0.184769,0.163629
16.4997,0.0870302,0.0504519
16.5098,0.00986767,0.0350187
16.5198,-0.0467182,-0.0370029
16.5297,-0.0570065,-0.00613651
16.5398,-0.0364299,0.0401631
16.5496,-0.010709,0.0864627
16.5597,-0.0570065,0.0813183
16.5697,-0.0570065,0.0864627
16.5797,-0.237052,-0.0267141
16.5898,-0.0672949,0.127618
16.5997,-0.185611,-0.0215697
16.6098,-0.206187,0.0813183
16.6198,-0.072439,0.0761739
16.6295,-0.195899,0.0761739
16.6397,-0.0775832,0.0710295
16.6497,-0.072439,0.15334
16.6595,-0.0570065,0.0607407
16.6697,-0.0827274,0.163629
16.6799,-0.149602,-0.0575805
16.6897,-0.113592,0.194495
16.6997,-0.113592,0.0298743
16.7097,-0.0930157,0.163629
16.7197,-0.0878716,0.0761739
16.7298,-0.103304,0.15334
16.7398,-0.15989,-0.0421473
16.7498,-0.129025,0.184206
16.7598,-0.108448,0.0144411
16.7699,-0.123881,0.117329
16.7798,-0.103304,-0.0164253
16.7898,-0.118737,0.0761739
16.7998,-0.170178,-0.0370029
16.8096,-0.0672949,0.137907
16.8198,-0.0827274,0.0401631
16.8296,-0.108448,0.122474
16.8398,-0.0570065,0.0504519
16.8497,-0.0930157,0.179062
16.8599,-0.149602,0.0813183
16.8699,-0.211332,0.0555963
16.8798,-0.0621507,0.0658851
16.8899,-0.175322,0.0710295
16.9001,-0.165034,0.0041523
16.9098,-0.237052,0.0298743
16.9198,-0.15989,-0.0112809
16.9297,-0.0981599,0.137907
16.9398,-0.247341,-0.0627249
16.9497,-0.134169,0.173918
16.9597,-0.103304,0.0916071
16.9697,-0.0775832,0.132762
16.9798,-0.226764,0.0041523
16.9896,-0.113592,0.0504519
16.9998,-0.0672949,-0.000992107
17.0097,0.051021,0.0195855
17.0196,0.0407327,-0.0318585
17.0298,-0.041574,0.0144411
17.0396,-0.0364299,-0.0781581
17.0497,0.133328,0.132762
17.06,0.0818861,0.0658851
17.0696,0.112751,0.0813183
17.0798,0.0407327,-0.0987357
17.0898,0.138472,0.0247299
17.0996,0.277365,0.0195855
17.1098,0.195058,0.148196
17.1198,0.21049,0.0350187
17.1298,0.0921744,-0.00613651
17.1399,0.174481,0.0916071
17.1498,0.297941,0.0607407
17.1596,0.189914,0.0144411
17.1696,0.21049,0.101896
17.1798,0.117895,-0.10388
17.1899,0.0870302,0.0144411
17.1996,0.179625,0.112185
17.2097,0.231067,0.0607407
17.2198,0.107607,-0.0575805
17.2297,0.256788,0.0710295
17.2396,0.184769,-0.0524361
17.2496,0.0870302,0.0350187
17.2598,0.184769,0.0607407
17.2698,0.215634,0.0813183
17.2797,0.169337,0.0607407
17.2897,0.251644,0.0967515
17.2997,0.0458769,-0.0524361
17.3099,0.138472,0.0195855
17.3197,0.205346,-0.0678693
17.3297,0.231067,0.0967515
17.3398,0.220779,0.0607407
17.3498,0.143616,0.0298743
17.3596,0.0664535,0.0041523
17.3697,0.292797,0.0761739
17.3799,0.195058,0.0041523
17.3899,0.225923,0.0813183
17.3997,0.179625,-0.109025
17.4097,0.0973186,-0.0112809
17.4198,0.256788,0.0504519
17.4297,0.215634,0.168773
17.4397,0.169337,0.0607407
17.4497,0.123039,-0.0215697
17.4598,0.0613094,-0.0421473
17.4697,0.261932,0.127618
17.4798,0.220779,0.0350187
17.4898,0.117895,0.137907
17.4997,0.00986767,-0.0575805
17.5098,0.020156,-0.0318585
17.5197,0.0407327,0.112185
17.5298,0.123039,0.10704
17.5396,-0.041574,-0.000992107
17.5495,-0.041574,0.148196
17.5596,-0.113592,-0.0370029
17.5694,-0.195899,-0.00613651
17.5794,-0.149602,0.0710295
17.5896,-0.0672949,0.0247299
17.5994,-0.103304,0.0144411
17.6096,-0.0158532,0.122474
17.6194,-0.0364299,0.0658851
17.6297,-0.0672949,0.168773
17.6396,-0.0672949,0.0607407
17.6497,-0.180467,-0.0318585
17.6596,-0.267918,-0.0318585
17.6698,-0.0312857,0.101896
17.6796,-0.0827274,0.0453075
17.6898,-0.0981599,0.0453075
17.6997,-0.072439,-0.0164253
17.7097,-0.123881,0.15334
17.7196,-0.175322,-0.0164253
17.7298,-0.170178,0.127618
17.7396,-0.195899,0.0350187
17.7498,-0.0775832,0.0761739
17.7598,-0.195899,-0.0421473
17.7697,-0.0621507,0.0813183
17.7798,-0.0775832,0.0453075
17.7898,-0.113592,0.0710295
17.7998,-0.0930157,-0.0421473
17.8097,-0.129025,0.0864627
17.8196,-0.0364299,0.0350187
17.8295,-0.072439,0.132762
17.8398,-0.041574,-0.00613651
17.8498,-0.226764,0.0453075
17.8596,-0.0930157,0.0607407
17.8697,-0.165034,0.0813183
17.8795,-0.185611,-0.0935913
17.8897,-0.195899,0.0607407
17.8997,-0.0672949,0.0710295
17.9095,-0.0261415,0.158484
17.9199,-0.108448,0.0658851
17.9297,-0.231908,0.0195855
17.9397,-0.154746,0.127618
17.9496,-0.185611,0.0144411
17.9596,-0.175322,0.0350187
17.9696,-0.144457,-0.0370029
17.9795,-0.118737,0.132762
17.9897,-0.0158532,0.0710295
17.9995,-0.0878716,0.0864627
18.0096,-0.118737,-0.0421473
18.0195,-0.113592,-0.0267141
18.0297,-0.00556484,0.0247299
18.0398,-0.0261415,-0.0421473
18.0498,0.0407327,-0.0524361
18.0597,0.123039,0.0401631
18.0696,0.179625,0.101896
18.0797,0.200202,0.0092967
18.0897,0.0715977,-0.0267141
18.0998,0.14876,-0.0627249
18.1095,0.205346,0.0607407
18.1196,0.241355,-0.0575805
18.1299,0.195058,0.0144411
18.1396,0.287653,0.0401631
18.1498,0.297941,0.0710295
18.1595,0.169337,-0.0987357
18.1697,0.287653,0.0864627
18.1797,0.267076,-0.00613651
18.1897,0.225923,0.0555963
18.1998,0.133328,0.0453075
18.2098,0.282509,0.0761739
18.2197,0.133328,-0.0164253
18.2297,0.292797,0.0710295
18.2398,0.153904,-0.0884469
18.2497,0.231067,0.0916071
18.2597,0.0715977,-0.109025
18.2698,0.267076,0.0761739
18.2804,0.215634,0.0401631
18.2902,0.143616,-0.0215697
18.2997,0.123039,0.0247299
18.3098,0.236211,0.0298743
18.3197,0.0870302,-0.0524361
18.3297,0.123039,0.0298743
18.3398,0.0715977,-0.0318585
18.3498,0.179625,-0.00613651
18.3598,0.0304444,-0.0524361
18.3698,0.225923,0.0298743
18.3798,0.0870302,-0.0524361
18.3899,0.0818861,-0.0318585
18.3996,0.184769,0.0453075
18.4095,0.215634,0.0555963
18.4195,0.179625,-0.0112809
18.4297,0.0818861,-0.0370029
18.4404,0.143616,0.0555963
18.4497,0.21049,0.0864627
18.4596,0.0767419,-0.00613651
18.4696,0.231067,0.101896
18.4797,0.143616,0.0350187
18.4898,0.051021,-0.0164253
18.4995,-0.000420669,0.0247299
18.5096,0.0715977,0.0144411
18.5197,-0.0672949,-0.0164253
18.5295,-0.0621507,-0.0112809
18.5396,-0.139313,-0.0370029
18.5495,-0.0570065,0.0350187
18.5596,-0.211332,-0.0524361
18.5697,-0.0467182,0.0350187
18.5795,-0.149602,-0.0730137
18.5894,-0.154746,-0.00613651
18.5995,-0.0672949,0.0041523
18.6097,-0.0827274,0.0916071
18.6197,-0.22162,-0.165613
18.6297,-0.0518624,0.137907
18.6396,-0.0364299,0.0041523
18.6498,-0.0878716,0.0710295
18.6596,-0.123881,0.0144411
18.6694,-0.118737,0.122474
18.6795,-0.0930157,0.0144411
18.6897,-0.247341,0.0041523
18.6995,-0.123881,0.0350187
18.7095,-0.185611,0.0144411
18.7195,-0.211332,-0.0215697
18.7295,-0.180467,-0.0370029
18.7397,-0.134169,0.0453075
18.7495,-0.0312857,0.0144411
18.7596,-0.216476,-0.0781581
18.7695,-0.0518624,0.112185
18.7798,-0.072439,-0.00613651
18.7898,-0.0827274,0.168773
18.7995,-0.180467,-0.0730137
18.8096,-0.149602,0.132762
18.8195,-0.108448,0.0041523
18.8295,-0.185611,0.0092967
18.8398,-0.211332,0.0041523
18.8497,-0.134169,-0.00613651
18.8597,-0.185611,-0.000992107
18.8697,-0.103304,-0.0318585
18.8797,-0.072439,0.0350187
18.8895,-0.113592,0.127618
18.8996,-0.0518624,0.0453075
18.9097,-0.206187,-0.0215697
18.9197,-0.211332,0.0555963
18.9297,-0.108448,-0.0112809
18.9397,-0.185611,-0.0318585
18.9498,-0.165034,-0.0112809
18.9596,-0.108448,-0.0678693
18.9695,-0.0981599,0.0967515
18.9795,-0.0878716,-0.0575805
18.9896,-0.15989,0.117329
18.9996,-0.108448,0.0864627
19.0096,-0.134169,0.0555963
19.0195,-0.190755,-0.0421473
19.0295,-0.0672949,-0.0164253
19.0398,-0.118737,-0.0678693
19.0498,-0.000420669,0.101896
19.0596,-0.00556484,-0.15018
19.0695,0.107607,0.148196
19.0797,0.133328,0.0144411
19.0898,0.128184,0.0401631
19.0997,0.0355885,-0.000992107
19.1097,0.215634,0.0658851
19.1197,0.133328,0.0298743
19.1296,0.102463,-0.0215697
19.1398,0.0818861,-0.0421473
19.1498,0.138472,0.0813183
19.1595,0.200202,-0.00613651
19.1699,0.153904,0.0864627
19.1798,0.215634,0.0710295
19.1898,0.231067,0.0864627
19.1997,0.0355885,-0.0370029
19.21,0.174481,0.0658851
19.2196,0.0973186,-0.0678693
19.2297,0.153904,0.0144411
19.2397,0.0355885,-0.0935913
19.2497,0.200202,0.117329
19.2597,0.256788,-0.0833025
19.2697,0.14876,0.101896
19.2796,0.200202,0.0916071
19.2898,0.14876,0.0658851
19.2995,0.195058,0.0813183
19.3095,0.153904,0.0350187
19.3194,0.184769,0.10704
19.3294,0.236211,0.0195855
19.3396,0.0458769,-0.0472917
19.3495,0.215634,0.0247299
19.3595,0.102463,0.0144411
19.3696,0.169337,-0.0472917
19.3795,0.164193,0.0041523
19.3895,0.133328,0.0401631
19.3996,0.14876,-0.0575805
19.4095,0.0973186,-0.00613651
19.4195,0.117895,-0.0575805
19.4297,0.184769,0.0350187
19.4398,0.0407327,-0.0884469
19.4498,0.128184,0.0710295
19.4597,0.0715977,-0.0781581
19.4699,0.21049,0.0658851
19.4797,0.133328,0.0401631
19.4898,0.107607,0.0041523
19.4997,0.0818861,0.0195855
19.5098,0.0921744,0.0658851
19.5198,-0.0878716,-0.0781581
19.5298,0.0458769,0.0813183
19.5399,-0.0621507,0.0041523
19.5498,-0.118737,0.0504519
19.56,-0.0827274,0.0658851
19.5697,0.0304444,0.101896
19.5797,-0.139313,0.0453075
19.5899,-0.0570065,0.0504519
19.5997,-0.0930157,0.0658851
19.6099,-0.072439,0.0864627
19.6197,-0.180467,-0.00613651
19.6297,-0.0827274,0.0607407
19.6399,-0.175322,0.0761739
19.6497,-0.165034,-0.0472917
19.6599,-0.103304,0.0967515
19.6697,-0.0518624,0.0813183
19.6799,-0.0827274,0.0658851
19.6899,-0.103304,0.0864627
19.6998,-0.0570065,0.0350187
19.7098,-0.0621507,0.168773
19.7197,-0.0518624,-0.0112809
19.7298,-0.216476,0.0144411
19.7397,-0.195899,-0.0524361
19.7497,-0.180467,-0.0267141
19.7598,-0.0775832,0.0453075
19.7698,-0.0158532,0.112185
19.7799,-0.149602,0.0864627
19.7898,-0.072439,0.0607407
19.7997,-0.139313,-0.00613651
19.8097,-0.103304,0.0813183
19.8196,-0.103304,-0.0575805
19.8296,-0.154746,0.0813183
19.8393,-0.0261415,0.0195855
19.8495,-0.113592,0.117329
19.8592,-0.134169,0.0504519
19.8694,-0.154746,-0.0267141
19.8794,-0.185611,-0.000992107
19.8893,-0.195899,-0.0215697
19.8993,-0.0518624,0.0401631
19.9093,-0.113592,0.117329
19.9194,-0.0158532,0.0298743
19.9294,-0.139313,0.127618
19.9394,-0.185611,-0.0678693
19.9497,-0.129025,0.0813183
19.9598,-0.242197,0.0144411
19.9699,-0.00556484,0.0916071
19.9797,-0.113592,0.0144411
19.9899,-0.0209973,0.0967515
19.9997,-0.0930157,0.0607407
20.0095,-0.113592,-0.00613651
20.0198,-0.0158532,0.0607407
20.0298,-0.0827274,0.0710295
20.0399,-0.108448,-0.155324
20.0497,-0.0672949,0.0401631
20.0596,-0.0261415,-0.0833025
20.0697,0.0613094,0.148196
20.0796,0.184769,-0.000992107
20.0897,0.189914,0.168773
20.0998,0.184769,0.0195855
20.1098,0.159049,0.0555963
20.1198,0.133328,-0.0421473
20.1298,0.184769,-0.0164253
20.1398,0.195058,0.0041523
20.1497,0.215634,0.0453075
20.1598,0.169337,-0.0884469
20.1697,0.277365,0.0607407
20.1797,0.251644,0.0247299
20.1898,0.133328,0.0607407
20.1998,0.282509,0.0504519
20.2099,0.205346,0.137907
20.2197,0.153904,-0.0575805
20.2298,0.189914,0.132762
20.2397,0.267076,0.0092967
20.2497,0.153904,0.0092967
20.2599,0.236211,0.0813183
20.2698,0.169337,0.0144411
20.2797,0.169337,-0.0524361
20.2897,0.292797,0.0658851
20.2997,0.112751,0.0195855
20.3099,0.189914,-0.0164253
20.3197,0.215634,0.0401631
20.3296,0.195058,0.0813183
20.3398,0.267076,0.0555963
20.3497,0.21049,0.143051
20.3598,0.256788,-0.0370029
20.3698,0.256788,0.158484
20.3796,0.251644,0.0350187
20.3898,0.256788,0.0555963
20.3996,0.102463,-0.0781581
20.4098,0.225923,0.0864627
20.4197,0.215634,0.0761739
20.4299,0.143616,-0.0164253
20.4398,0.231067,0.10704
20.4496,0.292797,0.117329
20.4598,-0.000420669,-0.0370029
20.4697,0.287653,0.10704
20.4798,0.153904,0.101896
20.4896,0.128184,-0.0267141
20.4998,0.0355885,-0.0267141
20.5097,0.112751,0.0298743
20.5197,0.0767419,-0.0112809
20.5298,-0.0981599,-0.000992107
20.5398,0.0767419,-0.000992107
20.5498,-0.0312857,0.117329
20.5598,-0.0827274,0.0041523
20.5697,0.0407327,0.101896
20.5799,-0.0930157,0.127618
20.5898,-0.000420669,0.0864627
20.5996,-0.237052,-0.0678693
20.6099,-0.0827274,0.117329
20.6197,-0.0261415,0.0195855
20.6298,-0.134169,0.163629
20.6397,-0.000420669,0.0144411
20.6498,-0.0570065,0.0967515
20.6597,-0.252485,-0.0935913
20.6698,-0.118737,0.101896
20.6798,-0.206187,0.0298743
20.6896,-0.113592,-0.0112809
20.6998,-0.247341,-0.0318585
20.7097,-0.041574,0.0144411
20.7198,-0.15989,0.0195855
20.7297,-0.165034,0.0041523
20.7398,-0.0878716,0.0607407
20.7498,-0.041574,0.0710295
20.7597,-0.257629,-0.0833025
20.7697,-0.0827274,0.132762
20.7797,-0.0827274,0.0041523
20.7897,-0.134169,0.127618
20.7997,-0.0878716,-0.0164253
20.8097,-0.154746,0.0916071
20.8197,-0.170178,-0.0627249
20.8296,-0.0827274,0.0092967
20.8396,-0.185611,-0.0370029
20.8495,-0.0261415,0.127618
20.8597,-0.0981599,0.0247299
20.8698,-0.0930157,0.132762
20.8796,-0.226764,-0.114169
20.8899,-0.257629,0.0967515
20.8998,-0.041574,0.0247299
20.9097,-0.0981599,0.132762
20.9197,-0.0981599,-0.0112809
20.9297,-0.118737,0.184206
20.9398,-0.0672949,0.0607407
20.9497,-0.113592,0.0401631
20.9598,-0.190755,-0.0421473
20.97,-0.123881,-0.000992107
20.9797,-0.0621507,0.0504519
20.9898,-0.0518624,0.0761739
20.9998,-0.072439,0.0298743
21.0098,-0.201043,0.0504519
21.0196,-0.072439,-0.000992107
21.0296,-0.072439,0.137907
21.0397,-0.0209973,-0.10388
21.0497,-0.041574,0.0247299
21.0597,0.133328,0.0555963
21.0697,0.205346,0.0607407
21.0797,0.179625,0.0710295
21.0898,0.215634,0.0813183
21.0996,0.174481,0.0298743
21.1098,0.153904,0.0813183
21.1196,0.251644,-0.0421473
21.1296,0.164193,0.0555963
21.1397,0.344239,-0.0164253
21.1495,0.277365,0.0607407
21.1597,0.282509,0.0247299
21.1694,0.282509,0.101896
21.1797,0.27222,0.0916071
21.1898,0.267076,0.0761739
21.1998,0.236211,0.0092967
21.2098,0.174481,0.0298743
21.2198,0.282509,0.0298743
21.2297,0.27222,0.15334
21.2397,0.328806,0.0350187
21.2497,0.189914,0.0813183
21.2597,0.282509,0.0247299
21.2698,0.277365,0.0761739
21.2797,0.184769,-0.0935913
21.2895,0.231067,-0.0112809
21.2998,0.277365,0.0864627
21.3098,0.292797,0.132762
21.3197,0.292797,0.0453075
21.3297,0.143616,0.0350187
21.3395,0.282509,0.0041523
21.3495,0.215634,0.0401631
21.3597,0.287653,-0.0318585
21.3697,0.21049,-0.0575805
21.3796,0.220779,0.0350187
21.3896,0.328806,0.112185
21.3995,0.179625,0.0195855
21.4097,0.184769,0.0092967
21.4197,0.14876,-0.0884469
21.4296,0.282509,0.137907
21.4397,0.375104,-0.000992107
21.4498,0.153904,-0.0164253
21.4598,0.354527,-0.0627249
21.4696,0.256788,0.0607407
21.4798,0.27222,-0.0472917
21.4897,0.297941,0.0607407
21.4997,0.297941,0.0195855
21.5098,0.246499,0.0453075
21.5197,0.246499,0.0401631
21.5299,0.133328,0.173918
21.5398,0.133328,0.0453075
21.5498,0.0458769,0.143051
21.5599,0.0973186,0.0401631
21.5698,-0.000420669,0.0916071
21.5797,-0.0878716,-0.0318585
21.5895,-0.0518624,0.122474
21.5998,-0.0981599,0.0092967
21.6098,-0.154746,0.0247299
21.6197,-0.0621507,0.0092967
21.6297,-0.108448,0.0144411
21.6398,-0.0672949,0.0864627
21.6497,-0.118737,0.122474
21.6598,-0.195899,-0.10388
21.6698,-0.149602,0.230506
21.6798,-0.129025,0.0658851
21.6899,-0.190755,0.0144411
21.6998,-0.175322,0.0813183
21.7098,-0.072439,-0.00613651
21.7197,-0.226764,-0.0627249
21.7297,-0.206187,-0.0215697
21.7396,-0.0930157,-0.0112809
21.7497,-0.28335,-0.0215697
21.7598,-0.0621507,-0.0472917
21.7697,-0.190755,-0.0833025
21.7797,-0.170178,-0.181046
21.7897,-0.15989,0.0555963
21.7998,-0.0209973,-0.0318585
21.8098,-0.206187,0.0350187
21.8194,-0.0672949,-0.0524361
21.8296,-0.15989,0.0504519
21.8399,-0.149602,0.0916071
21.8497,-0.0930157,0.10704
21.8597,-0.231908,-0.0421473
21.8698,-0.0878716,0.0041523
21.8796,-0.144457,-0.000992107
21.8899,-0.108448,-0.00613651
21.8996,-0.113592,0.0453075
21.9097,0.0715977,0.163629
21.9198,-0.237052,-0.170757
21.9296,-0.0467182,0.101896
21.9397,-0.103304,0.0401631
21.9498,-0.154746,-0.0678693
21.9598,-0.108448,0.0144411
21.9697,-0.0621507,0.15334
21.9797,-0.273062,-0.0935913
21.9896,-0.0158532,0.0761739
21.9997,0.0047235,-0.000992107
22.01,-0.134169,-0.0472917
22.0199,-0.0158532,-0.0524361
22.0297,-0.000420669,0.0555963
22.0397,0.00986767,-0.0575805
22.0498,0.189914,0.0453075
22.0598,0.0921744,0.0350187
22.0696,0.123039,-0.0524361
22.0796,0.102463,-0.0884469
22.0896,0.344239,0.0453075
22.0997,0.241355,0.0967515
22.1097,0.0973186,-0.0421473
22.1196,0.323662,0.0813183
22.1297,0.292797,0.0710295
22.1397,0.297941,0.0504519
22.1497,0.292797,0.127618
22.1599,0.303085,0.0298743
22.1699,0.303085,0.148196
22.1798,0.0767419,-0.129602
22.1899,0.328806,0.230506
22.1998,0.292797,0.0298743
22.2097,0.189914,0.0092967
22.2198,0.189914,-0.0730137
22.2298,0.380248,0.158484
22.24,0.195058,-0.10388
22.2498,0.33395,0.0967515
22.2598,0.36996,-0.0987357
22.2696,0.380248,0.148196
22.2798,0.236211,-0.0318585
22.2897,0.251644,-0.0370029
22.2997,0.416257,0.0864627
22.3097,0.30823,0.0401631
22.3195,0.195058,-0.114169
22.3297,0.236211,0.10704
22.3399,0.277365,-0.0164253
22.3499,0.200202,-0.0164253
22.3595,0.215634,-0.00613651
22.3697,0.220779,0.0916071
22.3797,0.287653,0.127618
22.3895,0.344239,0.0916071
22.3997,0.33395,0.0298743
22.4098,0.30823,0.0453075
22.4196,0.339095,0.127618
22.4297,0.287653,-0.0370029
22.4397,0.287653,-0.0781581
22.4495,0.21049,-0.0935913
22.4597,0.267076,-0.109025
22.4697,0.246499,0.0864627
22.4798,0.267076,-0.0730137
22.4898,0.174481,0.0350187
22.4998,0.153904,-0.0678693
22.51,0.205346,0.0967515
22.5196,0.138472,-0.000992107
22.5298,0.153904,0.163629
22.5397,0.0870302,0.0555963
22.5498,0.0253002,0.148196
22.5597,0.020156,0.0916071
22.5698,0.020156,-0.0112809
22.5797,-0.000420669,0.0555963
22.5897,-0.0570065,0.0504519
22.5998,-0.000420669,-0.0318585
22.6098,0.0767419,0.0504519
22.6198,-0.170178,-0.114169
22.6298,-0.072439,0.184206
22.6398,-0.170178,-0.0164253
22.6496,-0.242197,0.0658851
22.6598,-0.0878716,0.215073
22.6696,-0.108448,0.143051
22.6798,-0.154746,-0.0472917
22.6897,-0.134169,-0.000992107
22.6998,-0.190755,-0.0215697
22.7099,-0.165034,-0.0575805
22.7198,-0.113592,-0.0112809
22.7297,-0.0775832,0.0144411
22.7395,-0.149602,-0.129602
22.7498,-0.0570065,0.0967515
22.7598,-0.216476,-0.0164253
22.7698,-0.314215,-0.0472917
22.7796,-0.0672949,-0.0318585
22.7898,-0.0621507,0.143051
22.7996,-0.144457,-0.114169
22.8097,-0.0775832,0.112185
22.8197,-0.149602,0.0350187
22.8297,-0.180467,0.0607407
22.8398,0.0818861,0.0916071
22.8497,-0.0621507,0.148196
22.8596,-0.0621507,0.0504519
22.8698,-0.216476,0.137907
22.8798,-0.118737,0.0453075
22.8897,-0.134169,0.132762
22.8997,-0.113592,0.101896
22.9099,-0.113592,0.0658851
22.9197,-0.149602,0.0041523
22.9297,-0.0672949,0.158484
22.9397,-0.123881,0.0761739
22.9497,-0.113592,0.148196
22.9597,-0.000420669,0.101896
22.9698,-0.0672949,0.132762
22.9794,-0.185611,-0.0215697
22.9897,-0.154746,0.112185
22.9997,-0.118737,0.0504519
23.0097,-0.165034,-0.0215697
23.0196,-0.0312857,0.0298743
23.0297,-0.0621507,0.10704
23.0397,-0.149602,-0.0164253
23.0497,-0.0261415,0.0864627
23.0597,-0.129025,-0.0730137
23.0695,-0.149602,-0.0524361
23.0796,-0.041574,0.0247299
23.0895,-0.0467182,0.0761739
23.0994,-0.103304,-0.0370029
23.1096,-0.195899,-0.0318585
23.1194,-0.0312857,0.143051
23.1295,-0.0930157,0.132762
23.1396,-0.103304,0.0041523
23.1494,-0.000420669,0.163629
23.1597,-0.000420669,0.0247299
23.1695,-0.0209973,0.132762
23.1794,-0.113592,-0.0215697
23.1897,-0.0158532,0.0607407
23.1995,-0.0518624,0.184206
23.2096,-0.0672949,0.127618
23.2194,-0.0981599,0.117329
23.2295,-0.0364299,0.122474
23.2396,-0.165034,-0.0267141
23.2494,-0.165034,0.0864627
23.2597,-0.0467182,-0.0884469
23.2696,-0.0467182,0.0453075
23.2795,-0.0467182,0.0813183
23.2896,-0.134169,0.168773
23.2998,-0.118737,0.0350187
23.3099,-0.129025,0.0144411
23.3198,-0.0621507,-0.0267141
23.3298,-0.0827274,-0.000992107
23.3398,0.0047235,-0.000992107
23.3495,-0.0878716,0.112185
23.3597,-0.154746,0.0555963
23.3696,-0.0467182,0.163629
23.3798,-0.0570065,0.163629
23.3898,-0.0878716,0.112185
23.3998,-0.0467182,-0.0164253
23.4096,-0.103304,-0.0112809
23.4196,-0.195899,0.0195855
23.4298,-0.0827274,0.127618
23.4398,-0.0930157,0.0195855
23.4497,-0.0570065,0.0092967
23.4598,-0.0467182,0.10704
23.4698,-0.0930157,0.251084
23.4796,-0.0827274,0.122474
23.4896,-0.134169,0.0710295
23.4995,-0.0878716,0.0247299
23.5096,-0.113592,0.0247299
23.5198,-0.072439,-0.109025
23.5299,-0.0312857,0.0658851
23.5399,-0.118737,0.0401631
23.5498,-0.0518624,0.179062
23.5598,-0.113592,0.0967515
23.5696,0.0047235,0.143051
23.5797,-0.195899,-0.114169
23.5897,-0.0672949,0.117329
23.5996,-0.113592,0.0761739
23.6096,-0.0621507,0.0401631
23.6198,-0.123881,0.0607407
23.6299,-0.103304,0.0967515
23.6396,0.00986767,0.0298743
23.6498,-0.0209973,0.0504519
23.6597,-0.041574,-0.0267141
23.6699,0.0921744,0.0813183
23.6798,-0.0672949,0.10704
23.6898,-0.0981599,0.0144411
23.6997,0.0304444,0.0864627
23.7097,-0.0672949,0.0041523
23.7198,-0.108448,-0.0524361
23.7298,-0.072439,-0.0472917
23.7395,-0.0570065,0.0247299
23.7498,-0.072439,0.0607407
23.7599,-0.0930157,-0.0884469
23.7697,-0.139313,-0.0318585
23.7797,-0.103304,0.0761739
23.7898,-0.190755,0.0864627
23.7997,-0.0261415,0.0350187
23.8097,-0.175322,-0.0524361
23.8198,-0.0312857,0.0555963
23.8297,-0.0209973,0.0555963
23.8398,-0.267918,-0.119313
23.8498,-0.123881,0.0092967
23.8597,-0.0518624,-0.00613651
23.8698,-0.123881,0.0864627
23.8797,-0.144457,0.0195855
23.8897,-0.195899,0.0967515
23.8996,-0.129025,0.0041523
23.9097,-0.123881,0.0298743
23.9198,-0.118737,0.10704
23.9295,-0.113592,0.10704
23.9397,-0.175322,-0.0472917
23.9496,0.0150118,0.0710295
23.9596,-0.0878716,0.0350187
23.9698,0.020156,0.15334
23.9798,-0.123881,-0.0421473
23.9898,-0.041574,0.168773
23.9998,-0.072439,0.0916071
24.0098,-0.216476,-0.0884469
24.0195,-0.0672949,0.0967515
24.0299,-0.0467182,-0.0112809
24.0398,-0.072439,0.0607407
24.0496,-0.175322,0.0247299
24.0595,0.0407327,0.0710295
24.0698,-0.0878716,-0.0472917
24.0797,-0.216476,-0.00613651
24.0898,-0.113592,0.0555963
24.0997,-0.154746,0.0916071
24.1096,-0.0827274,0.15334
24.1197,-0.0364299,0.101896
24.1298,-0.041574,0.0298743
24.1397,-0.0158532,0.0298743
24.1498,-0.0209973,0.0658851
24.1597,-0.154746,0.0555963
24.1697,-0.113592,0.101896
24.1797,-0.103304,0.137907
24.1896,-0.041574,0.0967515
24.1995,-0.123881,-0.109025
24.2096,-0.0981599,0.117329
24.2196,-0.0775832,0.0401631
24.2295,-0.154746,-0.0575805
24.2396,-0.154746,-0.0112809
24.2498,-0.15989,0.0092967
24.2597,-0.103304,0.0504519
24.2697,-0.237052,0.0504519
24.2797,-0.165034,-0.0833025
24.2897,-0.226764,-0.0164253
24.2997,-0.0518624,0.0813183
24.3096,-0.0312857,0.0710295
24.3195,-0.0878716,0.117329
24.3296,-0.0878716,0.0864627
24.3397,-0.129025,0.101896
24.3499,-0.041574,0.0916071
24.3597,-0.0621507,0.0555963
24.3695,-0.15989,-0.0318585
24.3796,-0.0775832,-0.0267141
24.3898,-0.0930157,0.117329
24.3997,-0.134169,0.0247299
24.4096,-0.139313,-0.0267141
24.4197,-0.216476,-0.0678693
24.4298,0.020156,0.0710295
24.4399,-0.216476,-0.10388
24.4498,-0.123881,0.0607407
24.4598,-0.0158532,0.0916071
24.4695,-0.195899,-0.0421473
24.4797,-0.072439,0.112185
24.4897,-0.211332,-0.0575805
24.4997,-0.0467182,0.143051
24.5097,-0.231908,-0.0318585
24.5196,-0.041574,0.0401631
24.53,-0.252485,-0.0472917
24.5395,-0.118737,-0.0472917
24.5498,0.0047235,0.127618
24.5597,-0.0930157,0.0298743
24.5695,-0.0981599,0.0864627
24.5795,-0.010709,0.117329
24.5895,-0.15989,0.0144411
24.5997,-0.134169,0.0504519
24.6098,-0.0467182,0.0607407
24.6197,-0.15989,-0.0935913
24.6297,-0.0878716,0.0658851
24.6395,-0.149602,-0.0987357
24.6496,-0.0827274,0.0607407
24.6597,-0.108448,-0.0627249
24.6698,-0.0467182,0.0967515
24.6799,-0.231908,-0.0164253
24.6897,-0.0981599,-0.0215697
24.6996,-0.262773,-0.0987357
24.7098,-0.00556484,0.0967515
24.7198,-0.175322,0.0864627
24.7299,-0.139313,0.0607407
24.7397,-0.0775832,-0.0370029
24.7497,-0.0672949,0.0247299
24.7598,-0.0621507,0.117329
24.7697,-0.211332,-0.0267141
24.7798,-0.144457,0.0144411
24.7897,-0.144457,-0.0370029
24.7997,-0.0312857,0.0813183
24.8097,-0.149602,-0.109025
24.82,-0.154746,0.112185
24.8325,-0.22162,-0.0215697
24.8396,0.051021,-0.0678693
24.8499,-0.0261415,0.0864627
24.86,-0.0930157,0.122474
24.8698,-0.113592,0.148196
24.8798,-0.0312857,0.0555963
24.8898,-0.0312857,-0.0215697
24.8998,-0.103304,0.127618
24.9096,-0.0621507,0.122474
24.9199,0.0355885,0.0401631
24.9297,-0.129025,-0.0472917
24.9398,-0.149602,-0.0318585
24.9497,-0.0878716,0.0864627
24.9599,-0.0621507,-0.0112809
24.9698,-0.144457,0.0710295
24.9798,-0.247341,-0.0833025
24.9895,-0.103304,0.0092967
24.9998,-0.0827274,-0.0935913
25.0098,-0.010709,0.0864627
25.0198,-0.180467,0.10704
25.0298,-0.118737,-0.0884469
25.0396,-0.170178,0.0401631
25.0498,-0.139313,0.0916071
25.0598,-0.010709,0.19964
25.07,-0.134169,-0.0884469
25.0798,-0.22162,0.0350187
25.0895,-0.0672949,0.0041523
25.0997,-0.350224,-0.10388
25.1098,-0.0930157,0.101896
25.1198,-0.180467,-0.0884469
25.1298,-0.0261415,0.0247299
25.1399,-0.273062,-0.0575805
25.1497,-0.0261415,0.0092967
25.1597,-0.175322,-0.0575805
25.1697,-0.103304,0.173918
25.1797,-0.195899,-0.129602
25.1898,-0.0672949,0.0555963
25.1998,-0.118737,-0.0575805
25.2098,-0.103304,0.0092967
25.2199,-0.226764,-0.00613651
25.2298,-0.108448,0.0607407
25.2397,-0.113592,-0.0935913
25.2497,-0.216476,0.0350187
25.2595,-0.139313,-0.0833025
25.2698,-0.0364299,0.0658851
25.2798,-0.175322,0.101896
25.2897,-0.0570065,-0.0215697
25.2998,-0.0878716,0.117329
25.3098,-0.118737,0.0864627
25.3196,-0.15989,-0.0678693
25.3297,-0.123881,0.194495
25.3397,-0.0209973,-0.0370029
25.3497,-0.113592,-0.0833025
25.3598,-0.0364299,0.307672
25.3698,-0.211332,-0.109025
25.3797,-0.149602,0.0041523
25.3899,-0.0621507,0.0916071
25.3997,-0.175322,-0.139891
25.4099,-0.0621507,0.10704
25.4198,-0.0775832,0.0555963
25.4299,-0.134169,-0.0472917
25.4396,-0.113592,0.0761739
25.4496,-0.0775832,0.0401631
25.4597,0.00986767,0.0555963
25.4695,-0.0775832,0.112185
25.4796,-0.118737,0.0350187
25.4895,-0.180467,0.0401631
25.4997,-0.010709,0.101896
25.5095,-0.0930157,-0.0575805
25.5197,-0.226764,0.0967515
25.5298,-0.0878716,0.0504519
25.5396,-0.206187,0.0041523
25.5497,-0.0467182,0.0504519
25.5596,-0.180467,0.0401631
25.5698,0.0047235,0.0658851
25.5797,-0.0621507,0.0761739
25.5897,-0.22162,-0.0370029
25.5995,-0.190755,-0.129602
