time,dz
8,-0.00293893
626,0.00475528
1000,3.92877e-17
1391,0.00475528
1919,-0.00475528
2397,0.00293893
2817,0.00293893
3257,0.00293893
3679,-0.00475528
4057,0.00293893
4460,-6.66059e-16
4851,0.00475528
5243,-0.00293893
5637,0.00293893
6030,-4.1111e-16
6539,-0.00475528
7063,-0.00293893
7559,-0.00475528
8019,-0.00475528
8428,-0.00293893
8923,-0.00293893
9411,0.00475528
9846,0.00475528
10362,0.00293893
10765,-1.32216e-15
11165,-8.51698e-16
11680,-6.27138e-15
12201,0.00475528
12616,0.00475528
13079,-0.00475528
13461,0.00475528
13961,0.00475528
14479,-0.00475528
15066,0.00475528
15654,-0.00475528
16244,-0.00475528
16821,0.00475528
17237,0.00293893
17824,-0.00475528
18467,0.00293893
18975,1.2855e-15
19505,-1.24157e-14
20111,0.00475528
20680,-2.33449e-16
21139,-0.00475528
21699,-0.00475528
22329,-0.00475528
22922,0.00293893
23538,-0.00293893
24103,-0.00293893
24703,-0.00293893
25132,0.00293893
25653,-0.00293893
26067,0.00293893
26477,0.00293893
26868,-0.00293893
27273,-0.00293893
27665,-6.45623e-15
28063,-0.00293893
28573,-0.00293893
28992,0.00293893
29405,-2.12354e-14
29838,-0.00293893
30265,1.14925e-15
30677,0.00293893
31085,-2.88852e-15
31532,0.00293893
32033,-0.00293893
32438,-0.00293893
32946,0.00475528
33319,-0.00475528
33732,0.00293893
34134,-0.00475528
34575,-2.58412e-14
34987,0.00293893
35376,0.00475528
35779,-0.00475528
36184,-0.00475528
36590,-2.26754e-14
37025,-8.18033e-15
37433,-0.00293893
37812,0.00293893
38200,-1.4188e-14
38614,-0.00475528
39002,0.00293893
39528,-0.00293893
39992,0.00293893
40506,0.00475528
40949,-0.00475528
41420,2.7869e-15
41895,7.32462e-15
42352,0.00293893
42900,-1.83885e-15
43297,0.00293893
43761,0.00475528
44136,0.00475528
44545,-2.48015e-14
44947,0.00293893
45363,-0.00293893
45840,-2.43015e-14
46236,0.00475528
46625,3.11077e-15
47112,0.00293893
47629,-0.00475528
48073,-0.00293893
48479,-0.00475528
48835,-2.86234e-14
49288,-0.00293893
49602,0.00293893
49901,0.00475528
50153,-0.00293893
50460,-2.84174e-14
50696,0.00475528
50887,0.00293893
51139,-0.00475528
51367,0.00293893
51561,0.00475528
51702,0.00293893
51883,-0.00293893
52093,-0.00293893
52274,-0.00475528
52473,-0.00293893
52700,-4.03347e-14
52910,-1.07565e-14
53101,0.00475528
53364,-0.00475528
53594,-0.00475528
53872,0.00293893
54184,-0.00475528
54540,1.09421e-14
54859,-0.00475528
55222,0.00293893
55550,-1.31084e-14
55969,-0.00475528
56470,1.253e-14
56995,1.37159e-14
57426,0.00475528
57851,0.00475528
58196,0.00475528
58554,-0.00475528
58937,0.00293893
59326,0.00475528
59781,0.00475528
60248,-0.00293893
60645,-1.26866e-14
61096,0.00475528
61606,0.00475528
62068,-0.00293893
62414,-0.00475528
62756,0.00475528
63160,-4.30388e-14
63525,-2.0233e-15
63858,-0.00293893
64156,0.00475528
64424,-0.00475528
64655,-1.95663e-14
64906,0.00475528
65157,0.00293893
65361,0.00475528
65548,-0.00293893
65778,-0.00293893
66003,-0.00293893
66190,-4.24309e-14
66423,-0.00293893
66674,-0.00475528
66854,-0.00475528
66995,-1.80739e-15
67209,-0.00475528
67472,0.00293893
67735,-2.23102e-14
67981,0.00475528
68328,-0.00293893
68682,0.00293893
68982,0.00293893
69328,-0.00293893
69795,-4.39889e-14
70223,-0.00293893
70659,-0.00475528
71129,-0.00475528
71594,-0.00475528
72066,0.00475528
72581,0.00475528
73099,-0.00475528
73487,0.00293893
73907,0.00293893
74292,0.00293893
74820,-5.34264e-14
75215,-2.89739e-14
75725,-1.95065e-14
76241,0.00475528
76641,0.00475528
77044,-0.00475528
77449,-0.00475528
77935,-5.12406e-14
78423,-0.00293893
78942,0.00293893
79414,-0.00475528
79892,0.00293893
80423,-0.00293893
80834,-0.00475528
81156,0.00475528
81472,0.00293893
81738,-0.00293893
81957,0.00293893
82154,-0.00475528
82362,0.00293893
82573,-0.00293893
82731,0.00475528
82924,-0.00475528
83100,-4.09594e-14
83259,-0.00475528
83400,1.16894e-14
83560,-2.81402e-14
83733,-0.00293893
83899,-0.00475528
84039,-0.00475528
84238,-0.00293893
84432,0.00293893
84607,0.00293893
84770,7.16167e-15
84967,0.00293893
85225,-1.51182e-15
85471,0.00475528
85761,0.00475528
86099,-0.00475528
86589,-0.00475528
86952,0.00293893
87336,0.00475528
87742,0.00293893
88267,0.00293893
88689,-0.00475528
89183,-0.00293893
89690,-1.7065e-14
90125,-3.89496e-14
90491,0.00475528
90948,-0.00293893
91471,0.00475528
91877,0.00293893
92292,0.00293893
92766,0.00475528
93268,-0.00293893
93736,0.00475528
94216,0.00475528
94621,0.00475528
95080,-5.82466e-14
95466,0.00475528
95934,-0.00475528
96266,0.00475528
96620,-5.96185e-14
96885,-1.18994e-14
97139,-0.00475528
97397,0.00293893
97638,-0.00293893
97805,-5.90206e-14
98019,-0.00475528
98225,1.35794e-16
98379,-0.00475528
98525,-1.9975e-14
98710,-2.51007e-14
98922,0.00293893
99114,-0.00475528
99359,-0.00475528
99566,0.00475528
99766,0.00475528
99983,-0.00293893
100216,0.00475528
100475,-5.17593e-15
100732,0.00293893
100968,-0.00293893
101245,-4.22417e-14
101627,0.00293893
101958,-0.00293893
102295,-3.98699e-14
102660,1.14563e-15
103028,-0.00293893
103419,-0.00475528
103763,-0.00293893
104232,0.00293893
104717,0.00293893
105123,-0.00293893
105514,-0.00475528
105897,0.00293893
106332,0.00293893
106731,0.00475528
107149,-0.00475528
107558,-0.00293893
107918,-0.00293893
108352,0.00293893
108708,-0.00293893
109145,-6.25086e-14
109605,2.30701e-14
110103,-0.00293893
110519,-0.00475528
110948,-0.00293893
111276,0.00475528
111580,-1.86485e-16
111850,-3.73428e-15
112109,-0.00475528
112286,0.00475528
112497,0.00293893
112712,0.00293893
112901,0.00475528
113042,0.00293893
113211,0.00475528
113440,-8.45802e-15
113574,-0.00475528
113715,-6.32727e-14
113904,-0.00475528
114083,-0.00293893
114257,0.00293893
114399,-0.00475528
114563,-0.00293893
114738,-0.00293893
114917,0.00293893
115189,-0.00475528
115435,-9.1263e-14
115681,0.00475528
115966,0.00475528
116278,-0.00293893
116736,0.00475528
117092,0.00293893
117496,0.00475528
117950,2.39039e-14
118414,-0.00475528
118787,0.00293893
119182,0.00293893
119548,-0.00293893
119905,-8.53235e-14
120317,0.00293893
120828,-0.00293893
121233,-0.00293893
121623,-0.00293893
122051,0.00475528
122451,0.00475528
122827,0.00293893
123221,0.00475528
123634,-0.00475528
124001,0.00475528
124433,-0.00293893
124828,-0.00293893
125229,-0.00475528
125541,0.00475528
125915,-7.99633e-15
126200,-1.98256e-14
126458,-0.00293893
126699,-0.00475528
126925,-3.20469e-14
127118,-0.00293893
127329,-0.00475528
127537,0.00293893
127741,0.00475528
127905,-3.95345e-14
128171,0.00475528
128368,-0.00293893
128548,-0.00293893
128776,0.00475528
129122,0.00293893
129514,-0.00475528
130037,0.00293893
130416,0.00475528
130781,0.00475528
131188,-0.00293893
131589,-0.00475528
132078,-0.00293893
132461,0.00475528
132941,0.00475528
133445,-9.07715e-14
133959,-0.00475528
134440,3.89786e-14
134845,-3.91026e-14
135423,-0.00293893
135891,0.00475528
136356,0.00475528
136850,-7.89223e-14
137291,0.00475528
137798,-0.00293893
138285,-9.50833e-14
138815,3.54872e-16
139162,0.00293893
139586,0.00475528
140020,1.4164e-14
140543,-0.00293893
140920,-4.61683e-14
141398,-0.00293893
141830,-6.35153e-14
142216,0.00475528
142519,-0.00475528
142792,0.00293893
143057,0.00293893
143261,0.00475528
143473,-0.00293893
143661,0.00475528
143795,1.57618e-14
144004,-0.00475528
144185,-5.40379e-14
144352,0.00293893
144518,-0.00293893
144700,-9.58374e-14
144878,-0.00293893
145037,0.00293893
145188,-0.00293893
145396,0.00475528
145605,-6.19175e-14
145765,-1.01747e-13
145930,-4.73244e-14
146149,-0.00475528
146396,0.00475528
146579,-0.00475528
146785,-8.28122e-14
147024,-0.00475528
147288,-0.00293893
147592,0.00293893
147868,-0.00293893
148205,-9.06918e-14
148583,-0.00293893
149018,-0.00293893
149531,0.00475528
150029,-0.00475528
150434,-0.00475528
150871,0.00475528
151286,0.00475528
151703,-0.00293893
152091,0.00475528
152584,-0.00475528
153085,-6.85813e-14
153590,-7.84696e-15
154030,-8.23895e-15
154495,2.6073e-14
154972,0.00293893
155377,0.00293893
155883,-0.00293893
156241,0.00475528
156656,0.00475528
157073,-0.00293893
157455,-5.59381e-14
157742,0.00293893
158038,-0.00293893
158288,-0.00293893
158538,-0.00293893
158855,-4.2693e-15
159091,0.00475528
159315,-6.42097e-14
159677,0.00293893
159909,-0.00475528
160138,-0.00293893
160356,0.00475528
160613,-0.00293893
160932,0.00293893
161245,-6.26218e-14
161537,0.00293893
161922,0.00293893
162300,-1.11517e-13
162678,-0.00293893
163073,-0.00293893
163444,-0.00475528
163885,-6.49737e-14
164297,0.00293893
164847,0.00293893
165211,0.00475528
165705,-9.96676e-14
166107,0.00293893
166520,-1.60587e-14
166897,0.00293893
167386,0.00475528
167779,-0.00475528
168217,0.00293893
168730,2.49667e-14
169150,-6.13961e-14
169586,0.00475528
169968,-0.00293893
170360,-9.88538e-14
170816,0.00475528
171255,-1.07919e-13
171659,-0.00475528
172214,-0.00475528
172514,-0.00475528
172853,-0.00293893
173106,0.00475528
173368,-0.00293893
173562,0.00293893
173782,0.00293893
173950,-9.21303e-14
174070,-1.28631e-14
174198,-0.00293893
174379,-0.00475528
174548,-0.00293893
174728,-0.00293893
174951,0.00475528
175105,-2.20978e-15
175253,-0.00293893
175393,-0.00293893
175591,0.00475528
175744,-0.00475528
175912,0.00293893
176096,0.00475528
176335,-9.92159e-14
176571,0.00475528
176800,-6.4904e-14
177089,-0.00475528
177345,2.22527e-14
177646,0.00475528
177967,0.00293893
178256,0.00475528
178617,0.00293893
179041,0.00475528
179442,0.00293893
179786,0.00475528
180162,0.00293893
180557,0.00293893
180978,-0.00293893
181467,0.00293893
181845,1.16292e-14
182217,0.00293893
182657,0.00293893
183067,0.00293893
183466,0.00475528
183847,0.00293893
184342,0.00293893
184786,0.00475528
185108,-0.00293893
185508,-0.00293893
185896,0.00475528
186347,0.00293893
186716,0.00475528
187232,0.00293893
187652,0.00293893
188030,-1.04674e-13
188501,0.00475528
188806,0.00475528
189135,-8.41611e-14
189415,-4.47235e-14
189647,0.00293893
189806,0.00475528
189985,-6.83821e-14
190253,-0.00293893
190436,0.00475528
190618,-0.00293893
190817,0.00293893
191082,0.00293893
191319,-0.00475528
191572,0.00293893
191825,-1.71053e-14
192013,-0.00293893
192209,-0.00475528
192528,-0.00293893
192795,-6.75782e-14
193064,-0.00475528
193348,-0.00293893
193676,0.00475528
194033,-0.00293893
194418,-0.00293893
194777,0.00293893
195161,0.00475528
195559,-0.00475528
196009,-0.00475528
196377,0.00293893
196766,0.00475528
197185,-1.14483e-13
197640,2.23622e-14
198165,2.35481e-14
198539,-0.00475528
198998,-0.00293893
199417,0.00293893
200008,-0.00293893
200572,0.00293893
201108,-0.00293893
201609,-0.00475528
202075,-4.93875e-14
202555,-2.33571e-14
203099,-0.00475528
203703,-0.00293893
204180,-9.59107e-14
204656,0.00475528
205042,0.00293893
205365,-2.25532e-14
205630,-1.20353e-13
205920,-3.79303e-14
206124,-0.00475528
206325,-1.16012e-13
206517,0.00293893
206658,-0.00293893
206809,-0.00475528
207054,-0.00475528
207308,-0.00293893
207505,8.61283e-15
207669,-0.00475528
207876,0.00475528
208084,-0.00475528
208254,-0.00475528
208495,-1.01408e-13
208754,-0.00475528
208947,0.00293893
209175,-8.87853e-14
209456,0.00475528
209715,-9.58809e-14
209973,-0.00293893
210248,-0.00293893
210538,-0.00293893
210910,-1.25057e-13
211347,0.00293893
211685,7.76485e-14
212032,0.00293893
212412,0.00293893
212834,-0.00475528
213202,0.00293893
213586,0.00475528
214038,-0.00293893
214420,-2.56592e-14
214810,5.00601e-14
215252,0.00293893
215609,-0.00475528
216033,-0.00293893
216440,-7.37604e-14
216843,-0.00293893
217225,2.64115e-14
217571,0.00475528
218014,-0.00475528
218346,0.00475528
218655,-8.40018e-14
218921,0.00475528
219141,0.00475528
219373,-0.00293893
219593,-0.00293893
219787,0.00293893
220030,7.84823e-14
220217,0.00293893
220406,0.00475528
220675,-1.32103e-13
220904,-0.00475528
221086,0.00475528
221244,-0.00475528
221487,0.00293893
221681,0.00475528
221909,-0.00475528
222104,-0.00475528
222413,-0.00293893
222671,0.00475528
223001,0.00475528
223287,0.00293893
223710,-1.10002e-13
224128,-0.00293893
224522,0.00293893
224931,0.00475528
225440,-9.50073e-14
225873,-0.00293893
226320,-9.57912e-14
226684,-0.00475528
227073,-0.00293893
227496,0.00475528
227907,0.00293893
228439,-0.00475528
228944,-0.00475528
229422,0.00293893
229993,-0.00293893
230505,6.74967e-14
231017,0.00293893
231558,-0.00293893
232043,-0.00293893
232614,-0.00475528
233230,6.67227e-14
233853,-0.00293893
234434,-0.00475528
234827,0.00293893
235292,0.00293893
235867,0.00293893
236297,0.00293893
236752,0.00293893
237250,-1.1545e-13
237775,3.12548e-14
238172,0.00293893
238694,-0.00475528
239329,-0.00475528
239810,-1.70647e-13
240395,-5.70679e-14
240827,0.00293893
241400,-1.75371e-13
241902,0.00293893
242414,-0.00475528
242939,-0.00475528
243334,-0.00475528
243750,-1.14626e-13
244184,-0.00475528
244712,0.00293893
245178,-0.00293893
245732,0.00293893
246310,-1.69823e-13
246875,-1.42215e-13
247354,-0.00475528
247877,0.00293893
248319,-0.00475528
248802,0.00293893
249232,0.00293893
249700,-4.17333e-15
250179,-0.00475528
250694,-0.00475528
251233,-0.00293893
251660,-1.91485e-14
252066,0.00475528
252387,0.00293893
252716,0.00475528
252915,-8.14507e-14
253151,0.00475528
253343,-0.00293893
253538,-0.00293893
253783,-0.00293893
254009,-0.00475528
254194,-0.00475528
254354,-0.00475528
254501,0.00475528
254721,0.00475528
254938,-0.00293893
255102,0.00293893
255253,-0.00293893
255409,-0.00475528
255585,-1.00366e-13
255737,0.00293893
255877,0.00293893
256018,-0.00293893
256167,0.00293893
256289,-0.00475528
256383,-0.00293893
256514,-0.00475528
256644,-0.00475528
256766,0.00475528
256863,-0.00293893
257009,-0.00475528
257218,-0.00293893
257321,0.00475528
257440,-2.02889e-13
257651,0.00475528
258154,-0.00475528
258497,0.00293893
258976,0.00475528
259364,-0.00475528
259927,0.00293893
260385,-1.311e-13
260843,-0.00293893
261336,0.00475528
261829,-0.00475528
262312,0.00293893
262743,-0.00293893
263345,7.79274e-14
263877,0.00293893
264425,6.37362e-14
264947,0.00293893
265397,0.00293893
265886,0.00475528
266336,0.00475528
266900,6.9616e-15
267387,0.00293893
267946,0.00475528
268564,-0.00475528
269042,0.00293893
269515,-3.00942e-14
270076,0.00475528
270701,0.00475528
271435,7.40274e-14
272001,0.00475528
272487,0.00293893
273049,-0.00475528
273593,-0.00293893
274183,-0.00293893
274754,-0.00475528
275235,-1.80709e-13
275782,0.00293893
276480,-1.40478e-13
277067,0.00293893
277586,0.00475528
278209,-0.00475528
278764,-0.00475528
279214,-0.00475528
279807,0.00293893
280311,0.00475528
280779,-0.00475528
281189,-0.00475528
281624,-0.00475528
282063,-0.00293893
282539,-0.00475528
283140,-3.39643e-14
283550,-1.63312e-13
284065,-2.05112e-13
284562,0.00293893
285076,0.00475528
285540,-1.94851e-13
286024,-0.00475528
286496,0.00475528
286985,-1.68026e-13
287478,-0.00293893
287943,-0.00293893
288395,-7.3372e-14
288790,-4.89195e-14
289280,-1.25423e-13
289698,-0.00293893
290210,-5.6799e-14
290597,0.00293893
291042,0.00293893
291416,0.00475528
291820,2.4448e-14
292188,-0.00293893
292708,-0.00293893
293148,-0.00293893
293518,-0.00293893
293978,-0.00293893
294455,7.3363e-14
294963,-0.00293893
295417,0.00293893
295925,-1.56147e-13
296373,-0.00293893
296898,-0.00293893
297325,4.10409e-14
297860,-2.05826e-13
298411,0.00475528
298861,0.00475528
299273,-0.00293893
299678,-0.00293893
300152,0.00293893
300587,0.00293893
300999,-0.00475528
301488,-0.00293893
301891,0.00475528
302364,-0.00475528
302781,0.00475528
303320,-1.88696e-14
303807,0.00293893
304293,-0.00293893
304692,0.00293893
305017,0.00293893
305318,-0.00293893
305559,-0.00475528
305800,-1.26911e-13
305990,-3.77845e-14
306197,0.00293893
306434,-0.00475528
306672,0.00293893
306842,0.00293893
307045,-8.66796e-14
307263,-0.00293893
307509,-0.00475528
307685,4.50404e-14
307929,-0.00475528
308206,0.00475528
308480,4.26785e-14
308802,0.00293893
309138,-0.00293893
309473,-0.00293893
309884,-0.00475528
310232,0.00293893
310790,-6.85188e-14
311189,-0.00475528
311647,0.00293893
312076,0.00475528
312461,0.00475528
312847,0.00293893
313294,-0.00475528
313775,-1.15826e-13
314179,-0.00475528
314607,0.00293893
315184,-0.00475528
315665,4.85864e-15
316085,6.4015e-14
316695,-7.87403e-14
317199,-0.00475528
317820,2.77432e-14
318442,0.00293893
319002,0.00293893
319589,-0.00475528
320124,-0.00475528
320600,4.51101e-14
321156,0.00475528
321713,-0.00293893
322345,-9.36955e-14
322919,-0.00475528
323506,0.00475528
324051,0.00475528
324567,0.00293893
325114,-0.00475528
325499,-0.00475528
326018,-0.00293893
326492,0.00293893
327074,-0.00475528
327498,-0.00293893
328080,-1.07073e-13
328598,-0.00293893
329191,0.00475528
329675,-1.63063e-13
330094,-0.00475528
330648,-0.00293893
331105,1.75615e-14
331616,0.00475528
332257,0.00293893
332793,-0.00293893
333329,-0.00475528
333896,0.00475528
334442,0.00293893
334992,0.00293893
335560,3.17826e-14
336186,0.00475528
336635,-2.2218e-13
337027,0.00293893
337316,0.00475528
337582,0.00293893
337832,0.00293893
338082,0.00293893
338254,-0.00475528
338480,-2.2217e-13
338693,-0.00293893
338846,0.00475528
338998,-0.00293893
339184,-0.00475528
339356,0.00475528
339483,-0.00293893
339600,-6.44197e-14
339769,-0.00475528
339932,0.00293893
340034,-0.00475528
340154,-0.00475528
340315,-1.19626e-13
340464,-0.00475528
340568,-0.00293893
340677,0.00293893
340838,-0.00293893
340988,-0.00293893
341112,0.00293893
341250,-1.02269e-13
341409,-0.00475528
341555,-2.81279e-14
341658,-0.00293893
341771,0.00475528
341927,0.00293893
342068,-0.00293893
342167,0.00293893
342279,-0.00475528
342440,-8.01788e-14
342585,-1.11727e-13
342689,-0.00475528
342800,1.21036e-14
342964,-0.00475528
343128,-0.00293893
343235,-8.25407e-14
343353,-0.00293893
343491,0.00475528
343618,-0.00293893
343733,-0.00293893
343866,0.00475528
344014,-0.00475528
344153,-0.00293893
344267,0.00293893
344377,0.00293893
344539,-0.00475528
344673,-0.00293893
344776,0.00475528
344882,0.00293893
345025,-1.00672e-13
345169,-0.00475528
345318,-0.00293893
345457,0.00293893
345610,1.29075e-14
345727,0.00293893
345822,0.00293893
345967,0.00293893
346093,-0.00293893
346243,-0.00293893
346346,0.00475528
346502,0.00293893
346677,0.00293893
346832,0.00293893
347003,-0.00293893
347241,0.00475528
347489,-0.00475528
347693,-0.00293893
347900,-1.84261e-13
348157,0.00293893
348401,0.00475528
348551,0.00475528
348694,-0.00475528
348942,0.00293893
349143,-0.00293893
349348,-0.00293893
349569,-0.00475528
349790,-6.3576e-14
350047,0.00293893
350297,0.00293893
350731,0.00475528
351152,0.00293893
351519,-0.00475528
351945,-4.06914e-14
352296,0.00475528
352693,-0.00293893
353108,-0.00293893
353565,-6.19781e-14
354024,-0.00475528
354438,-0.00293893
354924,-0.00475528
355279,-0.00475528
355656,0.00475528
356053,-0.00293893
356459,-0.00475528
356815,-2.07085e-13
357184,-0.00475528
357634,-0.00475528
358013,-0.00293893
358453,-0.00293893
358819,-0.00475528
359274,-0.00475528
359647,0.00293893
360110,-2.31518e-13
360514,-0.00475528
361155,-1.77879e-13
361682,0.00293893
362249,-0.00475528
362747,0.00293893
363262,0.00293893
363742,0.00293893
364285,3.43038e-14
364835,-7.53256e-14
365296,0.00475528
365798,-0.00293893
366345,-1.32894e-13
366903,-0.00293893
367415,-4.45515e-14
367921,0.00475528
368441,0.00475528
368962,0.00293893
369542,0.00293893
370129,-0.00475528
370742,0.00293893
371340,-1.25769e-13
371931,0.00475528
372506,0.00475528
373112,0.00293893
373589,-0.00475528
374006,0.00475528
374438,-0.00293893
374738,-0.00293893
375015,2.80519e-14
375291,0.00475528
375491,0.00475528
375656,0.00475528
375875,-5.87028e-14
376082,0.00293893
376210,-1.12435e-15
376346,0.00475528
376521,0.00475528
376736,0.00475528
376894,-0.00475528
377159,-0.00475528
377335,-1.85679e-13
377512,0.00293893
377689,-0.00475528
377976,0.00475528
378204,-0.00475528
378419,-0.00475528
378642,0.00293893
378951,0.00475528
379286,0.00475528
379584,-0.00475528
379910,-1.03638e-13
380315,-1.81719e-13
380803,-0.00293893
381312,0.00293893
381738,-0.00293893
382263,-0.00293893
382739,-0.00475528
383262,0.00293893
383718,-0.00293893
384230,-1.60403e-13
384693,-0.00293893
385166,0.00475528
385624,-0.00475528
386094,-0.00475528
386672,0.00293893
387118,-0.00293893
387517,0.00293893
387924,-0.00475528
388366,0.00475528
388737,0.00293893
389134,-0.00475528
389526,0.00475528
389929,-0.00475528
390471,0.00475528
390905,-2.0769e-13
391257,0.00293893
391517,0.00293893
391746,0.00475528
391957,0.00293893
392136,0.00475528
392330,2.42017e-14
392536,0.00475528
392738,-0.00293893
392938,-0.00293893
393090,-2.01369e-13
393291,0.00475528
393486,0.00475528
393650,-1.22493e-13
393865,1.33711e-15
394134,-0.00475528
394419,-0.00475528
394683,-0.00293893
394974,-0.00475528
395336,0.00475528
395687,0.00293893
396071,0.00475528
396582,0.00293893
396992,0.00293893
397419,-0.00475528
397815,-4.51762e-14
398312,0.00293893
398778,-0.00293893
399397,0.00293893
399952,0.00293893
400461,0.00475528
400885,-9.09054e-14
401283,-0.00293893
401707,0.00293893
402079,-0.00475528
402454,-0.00475528
402893,-0.00293893
403365,-1.98947e-13
403758,-0.00293893
404151,0.00475528
404601,0.00475528
404981,0.00475528
405438,-0.00293893
405976,0.00475528
406435,-2.44676e-13
406791,0.00475528
407142,0.00293893
407390,-1.41349e-13
407684,-0.00475528
407905,-1.83148e-13
408095,-9.40214e-14
408239,-0.00475528
408450,-2.4151e-13
408639,-0.00475528
408827,0.00293893
409045,-2.30465e-13
409256,0.00475528
409456,0.00475528
409672,0.00293893
409969,-0.00475528
410231,0.00475528
410448,-0.00293893
410641,0.00475528
410894,-0.00475528
411128,-0.00293893
411424,-0.00475528
411676,0.00475528
412009,-0.00475528
412430,-1.35484e-14
412821,0.00475528
413229,-0.00475528
413712,0.00293893
414209,-0.00475528
414736,0.00475528
415171,0.00475528
415659,-0.00475528
416196,0.00475528
416624,-0.00475528
417008,-0.00293893
417433,-0.00293893
417835,-1.35771e-13
418239,-0.00475528
418691,0.00475528
419121,0.00475528
419580,1.64616e-14
419960,-3.87362e-13
420464,-0.00475528
420909,-0.00475528
421319,-0.00475528
421791,0.00475528
422279,-0.00475528
422642,0.00293893
422952,0.00293893
423228,-0.00293893
423474,-0.00475528
423741,0.00475528
423973,-0.00293893
424221,0.00475528
424436,0.00475528
424649,-0.00475528
424847,0.00293893
425091,0.00475528
425310,5.43512e-14
425506,0.00475528
425670,-1.44405e-13
425939,-0.00475528
426150,1.72664e-13
426305,-2.52456e-13
426567,0.00293893
426883,-0.00293893
427141,0.00475528
427378,-0.00293893
427756,0.00475528
428086,0.00475528
428513,-0.00293893
428913,-0.00293893
429387,0.00293893
429772,0.00293893
430258,-0.00293893
430727,0.00293893
431240,-2.12205e-13
431727,0.00293893
432231,0.00475528
432799,-0.00475528
433270,-7.18013e-14
433740,-2.34275e-13
434245,-1.73541e-13
434696,0.00475528
435189,-0.00475528
435683,-0.00293893
436150,8.43811e-14
436665,4.25816e-14
437207,0.00293893
437674,-0.00475528
438129,-0.00475528
438528,-0.00293893
438916,0.00475528
439301,0.00475528
439564,-0.00475528
439811,0.00475528
440027,0.00293893
440220,-3.19422e-13
440458,-0.00293893
440669,-0.00475528
440822,0.00293893
440975,8.83508e-14
441168,-0.00293893
441348,-0.00293893
441521,0.00475528
441733,-0.00293893
441927,0.00293893
442113,-0.00293893
442246,0.00475528
442401,0.00475528
442583,-0.00293893
442790,1.04924e-13
443016,0.00475528
443240,1.47517e-13
443435,-1.05661e-13
443628,-0.00293893
443798,-0.00293893
443992,0.00293893
444399,-0.00475528
444868,-0.00293893
445118,-0.00293893
445513,-0.00293893
445813,-0.00293893
446209,-0.00475528
446575,-2.87051e-13
447005,-3.93896e-14
447430,-3.22538e-13
447800,-4.17515e-14
448158,-0.00293893
448527,0.00293893
448844,-0.00475528
449118,-0.00293893
449434,-0.00475528
449719,-0.00475528
449986,0.00475528
450215,-3.56438e-13
450479,-0.00475528
450767,0.00293893
451126,0.00475528
451442,0.00293893
451741,0.00475528
452037,0.00293893
452335,2.53143e-14
452804,-0.00475528
453249,-0.00475528
453807,0.00293893
454221,0.00475528
454704,-0.00475528
455085,-2.31794e-13
455521,0.00475528
455921,0.00475528
456366,0.00475528
456769,-0.00475528
457210,9.86918e-14
457573,-0.00293893
457948,-0.00293893
458414,-0.00475528
458800,9.3968e-14
459163,-0.00293893
459659,-0.00475528
460176,0.00475528
460650,-2.48327e-13
461006,0.00475528
461496,0.00475528
461893,-0.00293893
462303,-0.00293893
462679,-0.00475528
463176,0.00475528
463585,-7.40039e-14
464142,0.00293893
464637,0.00293893
465146,0.00475528
465601,0.00475528
466119,-0.00475528
466580,6.71935e-14
467083,-0.00293893
467588,-0.00293893
468069,-0.00475528
468565,8.69222e-14
469041,0.00475528
469551,0.00475528
469942,0.00293893
470355,-2.22247e-13
470642,0.00293893
470898,-0.00293893
471137,0.00293893
471368,-0.00293893
471621,0.00475528
471901,0.00475528
472081,0.00475528
472238,-0.00293893
472377,0.00293893
472605,-9.28001e-15
472786,0.00475528
472964,-0.00475528
473111,0.00475528
473303,-0.00293893
473480,-2.49835e-13
473659,-0.00475528
473837,0.00293893
474068,-0.00293893
474368,-0.00293893
474593,-0.00293893
474869,-0.00475528
475277,0.00293893
475647,0.00293893
476052,0.00293893
476437,0.00293893
476851,0.00475528
477261,0.00475528
477629,-0.00475528
478005,-8.02358e-14
478373,-0.00293893
478795,-3.13308e-14
479199,-0.00475528
479594,-0.00475528
480000,-1.63041e-13
480438,-0.00293893
480978,-0.00293893
481476,0.00475528
481870,-1.28327e-13
482272,0.00293893
482740,-3.17615e-13
483138,-0.00293893
483523,-0.00293893
483930,-2.95525e-13
484319,-0.00475528
484679,-0.00475528
485085,8.5434e-14
485548,-0.00293893
485942,0.00293893
486268,-0.00293893
486544,-0.00475528
486810,-1.39342e-13
487022,0.00293893
487260,-9.6749e-14
487434,-0.00475528
487644,-0.00475528
487864,-0.00475528
488039,-0.00475528
488300,-2.82882e-13
488486,0.00475528
488663,-0.00293893
488817,0.00293893
488967,0.00293893
489177,0.00293893
489411,0.00475528
489592,0.00293893
489775,-2.7262e-13
490034,-0.00475528
490278,-0.00293893
490551,0.00475528
490809,-0.00475528
491187,0.00293893
491538,-0.00293893
491932,0.00293893
492319,-0.00475528
492665,-2.18972e-13
493128,-0.00293893
493621,0.00475528
494114,-0.00475528
494529,-0.00475528
495162,0.00293893
495689,-0.00475528
496131,0.00475528
496532,0.00293893
496908,-0.00293893
497305,-6.43572e-14
497680,1.65163e-13
498148,-0.00293893
498609,-0.00475528
499079,-0.00475528
499488,-0.00293893
499900,1.03655e-13
500251,0.00475528
500497,0.00293893
500847,0.00293893
501066,0.00475528
501266,0.00475528
501467,0.00293893
501674,-0.00475528
501836,0.00475528
502043,-0.00293893
502239,-0.00475528
502424,-0.00475528
502593,-0.00293893
502854,-0.00475528
503047,0.00293893
503236,0.00475528
503379,-0.00475528
503568,-0.00293893
503776,0.00475528
503973,-0.00293893
504167,0.00293893
504398,-0.00293893
504652,0.00293893
504939,-0.00475528
505223,-0.00293893
505605,-1.84198e-13
506112,0.00293893
506554,-0.00475528
507064,-0.00475528
507476,0.00475528
508000,-2.93818e-13
508434,-0.00475528
508889,-0.00475528
509280,-3.03775e-14
509668,-0.00293893
510096,0.00475528
510442,0.00293893
510848,-0.00293893
511283,-0.00293893
511661,0.00475528
512081,0.00475528
512566,0.00475528
513067,0.00293893
513548,-0.00293893
514022,0.00293893
514409,-0.00475528
514791,0.00475528
515191,0.00475528
515709,-0.00475528
516149,-0.00475528
516526,0.00475528
516941,0.00475528
517290,-8.71223e-14
517546,0.00475528
517770,-3.5213e-13
517973,-0.00293893
518181,0.00475528
518384,-0.00475528
518549,-0.00475528
518820,-5.872e-14
519075,-3.45025e-13
519276,0.00475528
519493,-0.00293893
519729,-0.00475528
519963,-0.00293893
520124,-0.00475528
520353,-0.00293893
520591,0.00475528
520838,-0.00293893
521117,0.00293893
521469,-0.00475528
521801,0.00475528
522239,-0.00475528
522650,-3.3002e-13
523104,-0.00475528
523539,-0.00475528
523991,0.00475528
524449,-0.00475528
524893,-0.00293893
525349,-0.00475528
525846,0.00475528
526339,-0.00475528
526798,-0.00293893
527322,0.00293893
527777,0.00293893
528168,-0.00293893
528591,0.00475528
528988,-0.00293893
529375,-1.68608e-14
529838,-0.00293893
530390,5.33409e-14
530801,0.00475528
531157,0.00293893
531596,0.00475528
531992,0.00293893
532457,0.00293893
532973,-0.00293893
533423,-0.00293893
533882,0.00293893
534227,0.00293893
534714,-0.00475528
535178,-0.00293893
535696,0.00475528
536145,-1.65104e-13
536642,0.00293893
537171,0.00475528
537677,0.00293893
538161,0.00475528
538613,-0.00293893
539107,0.00293893
539523,-0.00293893
540070,-2.46321e-13
540563,-0.00293893
540976,0.00475528
541462,0.00293893
542064,-0.00475528
542685,-2.83377e-13
543120,-8.69829e-14
543607,0.00293893
544104,-0.00475528
544573,-0.00293893
544979,-0.00475528
545406,0.00475528
545657,0.00293893
545897,0.00293893
546090,-2.71528e-13
546333,-0.00293893
546590,-1.59527e-13
546799,-0.00475528
547044,-0.00475528
547295,-4.03238e-13
547506,0.00475528
547687,0.00293893
547910,-3.06222e-13
548171,0.00475528
548454,-0.00475528
548779,-0.00475528
549066,0.00475528
549402,0.00293893
549678,-0.00293893
550036,0.00475528
550469,-0.00475528
550953,-0.00293893
551446,0.00475528
551953,-0.00293893
552404,-0.00475528
552914,-0.00475528
553435,8.73803e-14
553891,0.00475528
554300,-5.06413e-14
554736,0.00475528
555160,-1.37396e-13
555656,0.00475528
556149,-0.00475528
556640,-1.78402e-13
557166,0.00475528
557648,-0.00293893
558144,-0.00475528
558576,0.00475528
559048,-0.00293893
559517,0.00293893
560042,0.00293893
560479,-0.00475528
560861,0.00475528
561370,-3.64514e-13
561753,-0.00293893
562254,-0.00475528
562620,-3.7555e-13
563079,-0.00475528
563444,-0.00475528
563767,0.00293893
564140,-2.44614e-13
564516,0.00475528
565147,0.00293893
565541,0.00475528
566028,-0.00293893
566402,0.00293893
566741,0.00475528
567108,-0.00293893
567524,-0.00475528
567899,-0.00475528
568260,3.0671e-15
568621,0.00475528
569014,-0.00475528
569303,-0.00293893
569648,-0.00293893
569878,-0.00293893
570083,-0.00293893
570238,-0.00293893
570482,0.00293893
570672,0.00293893
570826,0.00475528
570996,0.00475528
571202,0.00293893
571402,0.00293893
571566,0.00475528
571743,-0.00293893
571950,3.08701e-15
572145,-2.50092e-13
572296,0.00475528
572493,-0.00293893
572706,0.00475528
572919,-0.00475528
573131,0.00475528
573346,0.00475528
573634,-0.00475528
573926,0.00475528
574211,0.00475528
574469,-0.00475528
574853,-0.00293893
575214,-0.00475528
575652,0.00293893
576050,-1.26241e-13
576485,7.01528e-14
577026,0.00475528
577414,-0.00475528
577833,-0.00293893
578322,0.00293893
578871,0.00475528
579324,-0.00475528
579785,-5.54664e-15
580235,3.70468e-14
580766,0.00475528
581228,-0.00293893
581701,0.00475528
582085,-3.05248e-13
582521,0.00475528
582900,6.93987e-14
583260,-1.29357e-13
583637,0.00293893
584119,-0.00475528
584595,-4.29853e-13
585056,0.00475528
585488,-0.00293893
585987,0.00293893
586270,-1.4196e-13
586592,0.00293893
586844,-0.00475528
587053,-0.00293893
587255,-3.46234e-13
587450,-1.73361e-14
587603,-0.00293893
587787,0.00293893
587964,-0.00475528
588114,-0.00475528
588303,-0.00293893
588483,-0.00293893
588655,-1.49046e-13
588819,-0.00475528
589044,-0.00475528
589284,-0.00475528
589455,-2.02675e-13
589615,-9.69853e-14
589810,-3.50164e-13
590046,0.00475528
590299,-0.00475528
590512,0.00293893
590795,2.76391e-14
591091,0.00475528
591405,-4.06155e-13
591783,-0.00293893
592156,0.00475528
592549,-0.00475528
593001,0.00475528
593401,0.00475528
593807,0.00293893
594288,-0.00293893
594729,-0.00475528
595145,-3.36727e-13
595536,0.00475528
595954,-0.00475528
596358,-0.00293893
596809,-0.00475528
597298,-0.00293893
597675,-8.43222e-14
598083,-0.00293893
598464,-0.00475528
598956,0.00475528
599370,-1.49732e-15
599786,0.00475528
600174,-0.00475528
600603,-0.00293893
601150,-2.08133e-13
601715,-1.80524e-13
602244,-0.00475528
602707,0.00293893
603244,-0.00475528
603729,-0.00475528
604237,0.00293893
604808,-0.00293893
605194,-0.00475528
605693,-0.00293893
606164,-0.00475528
606785,-3.60326e-13
607288,-0.00293893
607766,0.00475528
608260,-3.50064e-13
608740,-3.29956e-14
609262,0.00293893
609777,0.00293893
610256,0.00475528
610748,-0.00293893
611073,-0.00293893
611440,-3.59512e-13
611657,0.00293893
611902,0.00293893
612184,-0.00475528
612411,0.00475528
612567,0.00293893
612737,0.00293893
612945,-7.47752e-14
613120,-1.22886e-13
613317,0.00293893
613596,0.00475528
614055,-3.96568e-13
614522,0.00293893
614936,0.00475528
615450,-1.48113e-13
615919,-0.00475528
616451,0.00475528
616879,-0.00475528
617360,5.85426e-14
617902,0.00293893
618399,-0.00475528
618877,0.00293893
619360,-7.55293e-14
619906,0.00475528
620356,0.00475528
620831,0.00475528
621298,-0.00293893
621806,0.00475528
622287,0.00293893
622681,0.00475528
623139,-0.00475528
623627,0.00293893
624168,-0.00293893
624630,2.23007e-14
625140,3.17681e-14
625627,0.00293893
626160,5.07029e-14
626650,-3.16839e-13
627052,0.00293893
627513,-0.00293893
627892,0.00293893
628310,1.24854e-13
628723,-0.00293893
629245,-1.48827e-13
629722,0.00293893
630046,0.00475528
630372,0.00293893
630665,-1.56707e-13
630904,-0.00475528
631096,0.00475528
631305,-3.16025e-13
631496,0.00475528
631714,-0.00475528
631894,-0.00475528
632132,0.00293893
632350,2.86521e-14
632540,-1.7326e-13
632724,-0.00475528
632999,-0.00475528
633544,-0.00475528
633939,-0.00475528
634287,0.00293893
634810,-1.6536e-13
635312,0.00293893
635886,0.00475528
636336,0.00475528
636807,0.00293893
637230,5.07627e-14
637661,0.00475528
638088,-0.00293893
638565,-2.49733e-13
638999,-0.00475528
639470,-2.15813e-13
639936,0.00475528
640419,-0.00475528
640925,-4.84312e-16
641465,-2.98618e-13
641954,-0.00475528
642400,9.77703e-15
642852,0.00293893
643327,0.00293893
643868,-0.00293893
644369,-0.00475528
644921,0.00475528
645491,0.00475528
646009,-0.00475528
646527,0.00293893
647073,-0.00293893
647616,0.00475528
648153,-0.00293893
648633,-0.00293893
649150,6.66014e-14
649639,-0.00475528
650160,-3.94007e-13
650754,-0.00475528
651265,-8.24556e-14
651645,9.57976e-14
652190,-2.53603e-13
652721,0.00475528
653192,0.00293893
653624,-0.00475528
654176,0.00475528
654694,-0.00475528
655181,0.00475528
655747,0.00293893
656300,9.66114e-14
656711,0.00475528
657200,-4.00278e-13
657686,0.00475528
658206,0.00475528
658690,3.82589e-14
659252,0.00293893
659800,-2.83534e-13
660289,-0.00475528
660766,0.00475528
661239,-0.00475528
661800,-4.17605e-13
662226,0.00475528
662771,0.00475528
663190,-1.17884e-13
663739,-0.00475528
664145,-1.4556e-14
664679,-0.00475528
665129,-0.00475528
665544,-0.00475528
666074,-0.00475528
666559,-0.00475528
667056,0.00475528
667556,0.00475528
668139,-0.00475528
668688,-0.00293893
669189,-0.00475528
669745,-3.89957e-13
670154,-0.00475528
670610,5.40977e-14
671151,0.00475528
671566,0.00475528
671975,2.80773e-14
672575,-3.03183e-13
673078,-0.00293893
673677,0.00293893
674102,0.00293893
674588,-0.00293893
675015,-2.92127e-13
675501,0.00475528
676055,1.03817e-13
676562,0.00293893
677091,0.00475528
677572,0.00293893
678086,0.00475528
678615,4.86199e-14
679204,-0.00475528
679713,-0.00293893
680315,8.01779e-14
680973,-0.00293893
681583,-0.00293893
682141,0.00475528
682628,-0.00293893
683127,0.00293893
683626,0.00475528
684079,-0.00475528
684448,-0.00293893
684782,0.00293893
685084,-0.00475528
685370,5.41774e-14
685618,-0.00293893
685893,-0.00293893
686103,-0.00293893
686322,0.00293893
686530,-1.98207e-13
686734,-0.00475528
686930,-2.25022e-13
687110,-3.244e-13
687286,0.00475528
687426,0.00475528
687574,-0.00475528
687729,-0.00475528
687867,0.00293893
687970,-4.11154e-13
688068,-0.00293893
688199,-0.00475528
688304,-0.00475528
688378,-0.00293893
688472,0.00293893
688622,0.00293893
688740,-1.57182e-13
688839,-0.00475528
689059,-0.00475528
689227,0.00293893
689409,-0.00475528
689531,0.00475528
689706,0.00475528
689886,0.00475528
690101,0.00475528
690255,2.5021e-14
690458,-0.00293893
690685,-3.09395e-13
690943,-0.00293893
691150,-4.20602e-13
691398,-0.00293893
691696,0.00475528
692020,-2.78138e-14
692290,1.14158e-13
692619,-0.00475528
692948,-0.00293893
693282,0.00293893
693645,-3.91406e-13
694037,0.00293893
694424,-0.00475528
694743,-0.00293893
695082,0.00293893
695478,-0.00293893
695840,-1.9658e-13
696202,0.00293893
696524,-0.00475528
696923,-0.00293893
697359,-0.00475528
697778,-0.00293893
698254,-0.00475528
698648,-0.00293893
699066,0.00475528
699521,0.00475528
700092,0.00293893
700640,6.37244e-14
701197,0.00293893
701692,0.00293893
702236,0.00475528
702712,0.00293893
703149,-0.00475528
703546,0.00475528
704014,-0.00475528
704583,-0.00293893
705018,-0.00293893
705611,0.00475528
706095,1.09095e-14
706601,0.00475528
707027,0.00293893
707510,5.42969e-14
708056,0.00475528
708579,-0.00475528
709004,-0.00475528
709500,2.27587e-14
710048,-0.00293893
710522,0.00293893
711017,0.00293893
711523,-0.00293893
712005,-5.05789e-14
712449,-0.00475528
712955,1.04016e-13
713455,-3.6606e-13
713929,-0.00475528
714400,-1.60198e-13
714863,-0.00293893
715399,-0.00475528
715801,0.00475528
716325,-1.07344e-13
716783,-0.00293893
717296,0.00475528
717755,-2.17757e-13
718269,-0.00475528
718744,-0.00475528
719152,0.00293893
719569,-0.00475528
720059,-0.00475528
720507,0.00293893
720899,-0.00475528
721407,0.00293893
721891,0.00475528
722387,0.00293893
722923,-0.00293893
723338,-0.00293893
723835,-2.76089e-13
724241,0.00475528
724614,-0.00475528
725020,-2.02732e-13
725449,-0.00475528
725801,0.00475528
726288,-0.00293893
726781,0.00475528
727280,-9.22987e-14
727766,0.00475528
728227,0.00293893
728730,-4.0778e-13
729191,0.00475528
729631,0.00475528
730086,0.00475528
730560,3.70694e-14
731053,-0.00293893
731441,0.00475528
731844,-0.00475528
732292,0.00293893
732766,0.00475528
733236,0.00475528
733752,0.00293893
734267,0.00293893
734711,0.00475528
735114,-0.00475528
735539,-0.00475528
735889,-0.00475528
736194,-0.00475528
736495,-2.80753e-13
736754,-0.00475528
736998,-0.00293893
737207,0.00293893
737448,-0.00293893
737604,-0.00475528
737806,0.00475528
737981,0.00475528
738199,-0.00475528
738342,0.00293893
738586,0.00475528
738795,1.62137e-15
738982,0.00293893
739151,0.00475528
739390,-2.78372e-13
739695,8.68082e-14
739932,0.00293893
740165,-7.5666e-14
740486,0.00475528
740780,2.13501e-14
741093,-0.00293893
741411,0.00475528
741765,-1.82923e-13
742227,0.00293893
742625,-2.69678e-13
743014,-0.00475528
743477,0.00293893
744002,0.00293893
744464,-0.00475528
744941,0.00475528
745396,0.00475528
745862,0.00293893
746333,-0.00293893
746847,0.00293893
747313,-0.00293893
747713,-0.00293893
748095,1.05783e-13
748566,0.00475528
748971,0.00475528
749375,-2.12854e-13
749873,-0.00293893
750243,-0.00293893
750631,0.00475528
751066,0.00475528
751435,-3.80052e-13
751713,-0.00293893
751969,-0.00475528
752155,-1.95487e-13
752357,0.00293893
752558,-0.00293893
752732,0.00293893
752920,-4.72324e-13
753131,0.00475528
753379,-0.00475528
753844,-0.00475528
754172,0.00293893
754592,0.00293893
755020,-4.6758e-13
755479,-0.00475528
755859,-0.00475528
756320,-4.09208e-13
756717,0.00293893
757087,0.00293893
757504,-0.00475528
757977,0.00293893
758521,0.00475528
758977,0.00293893
759457,0.00293893
759929,-0.00475528
760391,0.00475528
760744,-0.00475528
761205,-4.38364e-13
761694,-0.00475528
762129,-0.00475528
762482,0.00293893
762907,0.00293893
763399,-0.00475528
763712,0.00293893
764087,0.00293893
764445,1.01139e-13
764878,-0.00293893
765205,-1.24432e-13
765617,0.00293893
766042,0.00293893
766464,-0.00475528
766885,-4.69883e-13
767341,0.00475528
767757,0.00293893
768081,0.00475528
768341,0.00475528
768570,-2.84524e-13
768778,-0.00293893
768946,0.00475528
769191,0.00475528
769361,0.00475528
769490,-4.04405e-13
769674,-0.00475528
769842,0.00293893
770004,-0.00475528
770189,-0.00475528
770427,0.00293893
770597,0.00293893
770752,0.00293893
770933,-0.00293893
771163,-0.00293893
771384,-0.00475528
771615,-7.39188e-14
771822,0.00293893
772028,-0.00293893
772333,-0.00293893
772598,-0.00293893
772908,-0.00293893
773303,-0.00293893
773670,-1.8985e-13
774067,0.00293893
774578,-0.00293893
775072,0.00293893
775478,-0.00293893
775963,-0.00293893
776483,-0.00293893
776898,-0.00293893
777305,-2.07971e-13
777804,-0.00475528
778233,-0.00293893
778694,-0.00475528
779262,0.00293893
779696,0.00475528
780199,-0.00475528
780650,-1.62996e-13
781178,-0.00293893
781666,0.00475528
782090,-3.75943e-13
782489,-0.00475528
782880,-3.27038e-13
783342,0.00293893
783785,-2.93118e-13
784203,-0.00293893
784532,0.00293893
784802,0.00293893
785067,0.00293893
785322,0.00293893
785599,-0.00475528
785869,-0.00475528
786088,-0.00293893
786288,-0.00293893
786519,-0.00475528
786716,0.00475528
786909,-0.00475528
787094,-0.00475528
787310,-3.4752e-13
787497,0.00293893
787682,0.00293893
787875,-3.19912e-13
788062,0.00293893
788265,-2.44193e-13
788496,0.00475528
788692,0.00293893
788911,0.00475528
789157,0.00293893
789432,0.00293893
789815,-4.20858e-13
790171,0.00475528
790654,-0.00475528
791080,-3.61748e-15
791508,-0.00293893
791946,0.00475528
792410,-2.52846e-13
792884,-0.00475528
793307,0.00293893
793789,-0.00475528
794301,0.00475528
794731,0.00475528
795115,-4.85528e-14
795669,-0.00475528
796234,-0.00475528
796761,0.00475528
797298,-0.00293893
797790,-1.18735e-13
798189,-0.00475528
798537,0.00293893
798907,0.00293893
799229,-0.00475528
799502,0.00293893
799763,-0.00293893
800027,0.00293893
800245,-2.6148e-13
800412,0.00293893
800600,-4.08969e-13
800777,0.00293893
800930,-3.00124e-13
801081,0.00475528
801299,-0.00475528
801501,0.00475528
801622,0.00293893
801764,-0.00475528
801990,-1.09247e-13
802177,0.00293893
802413,-0.00293893
802638,-0.00293893
802921,0.00475528
803146,0.00475528
803391,0.00475528
803664,-0.00475528
803979,-0.00475528
804282,0.00293893
804588,-0.00293893
805033,-0.00293893
805517,0.00293893
805885,-4.6494e-13
806277,0.00293893
806675,-4.16035e-13
807141,0.00475528
807552,0.00293893
807941,0.00475528
808500,8.0081e-14
809019,-0.00475528
809513,-0.00293893
809908,-0.00293893
810394,-0.00475528
810796,0.00475528
811191,0.00475528
811652,0.00293893
812135,6.19601e-14
812540,-1.61212e-14
812914,-0.00475528
813400,-1.02876e-13
813902,0.00293893
814315,-1.7149e-13
814791,0.00475528
815176,0.00475528
815639,-0.00475528
816037,0.00293893
816380,-3.89955e-13
816663,-0.00293893
816989,-0.00475528
817183,-0.00293893
817407,0.00293893
817618,-0.00293893
817803,-0.00293893
817993,-0.00293893
818236,0.00475528
818428,-0.00293893
818597,0.00293893
818842,0.00293893
819114,-0.00475528
819357,0.00293893
819522,0.00293893
819772,0.00293893
820063,-0.00293893
820324,-0.00475528
820553,-0.00293893
820874,-0.00475528
821275,6.04319e-14
821614,-0.00475528
821955,7.30552e-14
822440,-2.4322e-13
822869,-0.00475528
823295,-2.78707e-13
823772,0.00293893
824304,-0.00475528
824792,0.00293893
825381,0.00475528
825935,9.97891e-15
826438,-0.00293893
826998,-0.00293893
827476,0.00475528
827941,0.00475528
828411,0.00475528
828902,0.00293893
829334,-0.00475528
829772,0.00293893
830143,-0.00293893
830622,0.00293893
831090,-4.59283e-13
831544,-0.00475528
831900,-3.33686e-14
832234,-0.00475528
832467,0.00293893
832730,-3.94599e-13
832999,-0.00475528
833197,0.00293893
833426,0.00475528
833685,-2.91271e-13
833894,-0.00475528
834085,-3.18085e-13
834302,0.00293893
834508,-0.00293893
834685,-6.49345e-13
834848,-0.00293893
835107,0.00293893
835293,-0.00293893
835447,0.00293893
835622,0.00293893
835860,1.08623e-13
836169,-0.00475528
836467,0.00293893
836820,-4.21393e-13
837139,-0.00475528
837529,-0.00475528
837893,-0.00293893
838337,0.00293893
838734,-0.00475528
839252,0.00293893
839693,-0.00293893
840154,-0.00475528
840626,0.00475528
841173,-0.00293893
841630,3.18454e-13
842138,-0.00293893
842605,-3.65363e-13
843078,-0.00293893
843446,0.00475528
843873,-0.00293893
844434,-0.00475528
844817,0.00293893
845287,0.00293893
845685,-5.13626e-13
846172,0.00293893
846551,0.00475528
847000,-2.69773e-14
847547,0.00293893
847952,0.00293893
848305,-6.01948e-13
848713,-0.00293893
848946,0.00475528
849199,-0.00475528
849429,-0.00475528
849678,-0.00293893
849890,-5.55405e-13
850064,-0.00475528
850272,0.00293893
850470,-6.81598e-13
850650,-1.98899e-13
850851,0.00475528
851047,0.00293893
851292,0.00293893
851461,0.00475528
851654,-0.00475528
851865,1.48934e-13
852151,0.00475528
852408,-0.00293893
852651,0.00475528
852890,1.16602e-13
853138,-0.00293893
853368,-0.00293893
853722,0.00293893
854037,0.00293893
854515,-2.4699e-13
854874,-0.00475528
855333,-0.00293893
855880,-2.73011e-13
856441,0.00475528
856905,-3.05343e-13
857348,-0.00293893
857802,0.00293893
858272,0.00293893
858824,-0.00475528
859384,-0.00475528
860018,-0.00293893
860562,0.00293893
861102,0.00293893
861649,-0.00475528
862186,0.00475528
862751,0.00475528
863239,-0.00475528
863755,-6.91779e-13
864131,0.00475528
864493,-0.00293893
864802,0.00293893
865052,0.00293893
865312,0.00293893
865499,-0.00475528
865727,0.00293893
865961,0.00475528
866157,0.00293893
866402,0.00293893
866650,-1.07321e-13
866890,-2.39825e-13
867154,-0.00475528
867399,-0.00475528
867629,-0.00475528
867889,-0.00475528
868205,2.46824e-13
868552,0.00293893
868857,0.00293893
869236,0.00475528
869571,0.00475528
869937,0.00293893
870402,0.00293893
870929,-0.00475528
871415,-7.02252e-14
871846,0.00475528
872345,-2.9264e-13
872874,-0.00475528
873389,-0.00475528
873785,7.64898e-14
874203,-0.00293893
874596,0.00475528
875014,-0.00475528
875575,3.49397e-13
876085,-2.23212e-13
876576,0.00475528
877088,-0.00293893
877651,0.00475528
878036,0.00475528
878490,-4.35365e-13
878962,0.00293893
879357,0.00293893
879734,-0.00475528
880109,-0.00475528
880563,-0.00293893
880955,-9.85677e-14
881264,-0.00475528
